share_price,shares_offered,dollar_value_of_shares,date_of_priced,employees,shares_outstanding,stock_valuation,sicdescription,ebit,grossprofit,netincome,totalrevenue,costofrevenue,totalassets,revenue_growth,1,2,3,4,5
10.5,13500000.0,141750000.0,2009-04-15,2971,53139723.0,557967091.5,1,33420000.0,155468000.0,26431000.0,218290000.0,62822000.0,129246000.0,1.5468737238796393,11.1,12.05,12.01,11.65,11.0
6.0,1700000.0,10200000.0,2009-07-30,96,3951811.0,23710866.0,2,2436607.0,3789779.0,1691949.0,9592261.0,5802482.0,8933083.0,0.2625411265661724,27.85,29.75,32.35,37.05,45.7
17.0,5000000.0,85000000.0,2009-08-11,59,17091191.0,290550247.0,3,7282221.0,32029488.0,4766249.0,35075160.0,3045672.0,31119187.0,0.2498458411716335,16.83,17.0,17.045,17.01,16.8
10.0,30000000.0,300000000.0,2009-09-25,21700,156092873.0,1560928730.0,4,196408000.0,361521000.0,22441000.0,2153362000.0,1791841000.0,2562425000.0,0.08118630332595927,10.09,10.45,10.09,10.07,10.0
14.0,5700000.0,79800000.0,2009-10-02,553,21493655.0,300911170.0,5,4945195.0,43090276.0,2875556.0,202807631.0,159717355.0,45909023.0,1.1245080490212829,14.06,14.0,14.0,13.51,12.98
22.0,85250000.0,1875500000.0,2009-10-07,3731,113076100.0,2487674200.0,6,310542000.0,506653000.0,158228000.0,893550000.0,386897000.0,928877000.0,0.11388128821545886,27.22,26.6,26.4,26.25,27.19
12.5,8700000.0,108750000.0,2009-10-08,2000,26458778.0,330734725.0,7,16358000.0,54831000.0,7439000.0,152268000.0,97437000.0,119822000.0,0.2456377156600486,12.58,12.65,12.7,12.85,13.27
8.0,3125000.0,25000000.0,2009-10-20,78,11479826.0,91838608.0,8,8663258.0,9836576.0,6108471.0,55430819.0,45594243.0,17304329.0,0.9302272003681692,7.2,7.5,7.55,7.31,6.725
10.0,5400000.0,54000000.0,2009-10-28,12578,10496251.0,104962510.0,9,10848000.0,69052000.0,4023000.0,236306000.0,167254000.0,135748000.0,0.21452250381616614,8.49,9.0,9.15,8.64,8.47
25.0,38000000.0,950000000.0,2009-11-05,45000,38034407.0,950860175.0,10,279000000.0,2228000000.0,113000000.0,3835000000.0,1607000000.0,6119000000.0,0.025949705724986626,28.0,28.0,28.9,29.3,29.24
10.0,12300000.0,123000000.0,2009-11-06,2100,41349710.0,413497100.0,11,70389000.0,113931000.0,28105000.0,288578000.0,174647000.0,620922000.0,0.6580749695479304,39.3,34.8,35.34,35.49,37.8
21.0,34100000.0,716100000.0,2009-11-13,77200,340644825.0,7153541325.0,12,255392000.0,2643469000.0,-12816000.0,9495246000.0,6851777000.0,8656431000.0,0.03548858418407685,22.73,23.1,23.04,22.55,22.87
12.5,12500000.0,156250000.0,2009-11-18,1196,64393969.0,804924612.5,13,4927000.0,146319000.0,7363000.0,211791000.0,65472000.0,199105000.0,0.3631746971666903,8.31,8.45,8.47,8.45,8.51
6.3,3134921.0,19750002.0,2010-01-26,128,9134921.0,57550002.3,14,9495218.0,14076350.0,6417037.0,124277622.0,110201272.0,41625380.0,0.5694262590368916,5.77,6.07,6.16,6.15,6.154
18.0,31600000.0,568800000.0,2010-03-11,9500,171159377.0,3080868786.0,15,58489000.0,392864000.0,-27681000.0,1134944000.0,742080000.0,3166870000.0,-0.2022352573181833,18.5,18.14,17.9,17.9,18.15
13.0,6328932.0,82276116.0,2010-03-24,407,36297532.0,471867916.0,16,-19327000.0,76644000.0,-22441000.0,232947000.0,156303000.0,241116000.0,-0.06993448134055727,15.1,14.25,13.62,13.25,13.69
14.0,6444100.0,90217400.0,2010-03-24,177,6444100.0,90217400.0,17,4592000.0,34303000.0,4329000.0,51350000.0,17047000.0,35773000.0,0.6389518368389135,18.7,18.04,18.62,18.7,18.25
12.25,9000000.0,110250000.0,2010-03-26,6181,235618079.0,2886321467.75,10,11193000.0,37457000.0,6232000.0,184589000.0,147132000.0,231599753.0,0.6479594858495678,3.48,3.69,3.62,3.75,4.0
15.0,10725000.0,160875000.0,2010-03-31,1253,69191228.0,1037868420.0,18,67103000.0,133175000.0,19018000.0,270915000.0,137740000.0,1185641000.0,-0.03246716141796961,7.54,7.56,7.53,7.65,7.55
12.0,4096694.0,49160328.0,2010-04-22,292,10920939.0,131051268.0,18,1881000.0,26031000.0,1162000.0,37746000.0,11715000.0,21919000.0,0.2296315600873049,6.8,6.96,6.93,6.73,6.64
13.0,6000000.0,78000000.0,2010-04-22,290,33977068.0,441701884.0,19,-18366000.0,66230000.0,-20289000.0,82908000.0,16678000.0,99036000.0,0.6424581005586593,13.26,14.04,14.45,14.3,13.88
18.0,5085985.0,91547730.0,2010-04-29,855,22087485.0,397574730.0,17,-1150000.0,38566000.0,-901000.0,185076000.0,146510000.0,160365000.0,-0.2538160706366165,17.7,17.91,17.9,17.33,16.7
11.25,10000000.0,112500000.0,2010-05-05,562,21256253.0,239132846.25,20,29439000.0,57078000.0,9843000.0,174342000.0,117264000.0,404619000.0,-0.032014124858418286,11.29,11.49,11.5,11.55,11.5
17.0,16000000.0,272000000.0,2010-05-13,17000,88735895.0,1508510215.0,21,3914000.0,456992000.0,-17648000.0,1737010000.0,1280018000.0,860413000.0,-0.03303149838616837,16.75,15.86,16.01,15.6,14.85
14.0,10600644.0,148409016.0,2010-05-13,925,29542563.0,413595882.0,5,13740000.0,104464000.0,-23000.0,483322000.0,378858000.0,333281000.0,-0.14593387252675796,343.75,346.25,350.0,348.0,351.75
11.0,5835000.0,64185000.0,2010-05-14,2640,86927850.0,956206350.0,17,17939451.0,33720824.0,12510566.0,229655719.0,195934895.0,293171000.0,-0.2824092980441024,11.01,10.74,10.25,9.74,8.47
6.0,4600000.0,27600000.0,2010-05-28,63,11723512.0,70341072.0,22,-20438000.0,-3333000.0,-19963000.0,999000.0,4332000.0,19333477.0,0.5438299345379018,5.4,5.0,4.88,4.95,4.95
29.0,11700000.0,339300000.0,2010-06-15,597,13917911.0,403619419.0,23,177585000.0,395356000.0,106451000.0,426082000.0,30726000.0,571948000.0,0.022311370665310245,32.49,32.07,31.5,31.01,32.04
10.0,8500000.0,85000000.0,2010-06-25,5400,33743709.0,337437090.0,24,33692000.0,58041000.0,31304000.0,441099000.0,383058000.0,288085000.0,-0.1369580784898395,10.75,10.76,10.76,10.7,10.67
17.0,13300000.0,226100000.0,2010-06-29,646,93109393.0,1582859681.0,25,-51897000.0,9535000.0,-55740000.0,111943000.0,102408000.0,130424000.0,6.59347442680776,4.78,4.77,4.39,3.84,3.22
10.0,8696820.0,86968200.0,2010-07-22,649,22403276.0,224032760.0,26,25293852.0,79700056.0,19907148.0,428516589.0,348816533.0,375544608.0,0.08251244741968819,10.17,10.06,9.93,10.0,10.0
9.0,7000000.0,63000000.0,2010-07-29,450,30795117.0,277156053.0,27,704000.0,53300000.0,-872000.0,77924000.0,24624000.0,74064000.0,-0.15154286709784195,10.23,10.06,10.5,10.17,10.03
10.0,10677207.0,106772070.0,2010-08-05,10361,21354414.0,213544140.0,1,14465000.0,55643000.0,20248000.0,107912000.0,52269000.0,537922000.0,0.4483276963547537,277.5,253.5,232.5,250.5,254.7
14.0,34000000.0,476000000.0,2010-08-06,27539,249251500.0,3489521000.0,17,-931000000.0,898000000.0,-153000000.0,3519000000.0,2621000000.0,8579000000.0,-0.3105407523510972,14.0,14.0,13.6,12.75,12.39
11.0,12300000.0,135300000.0,2010-08-12,1260,62305404.0,685359444.0,18,6929000.0,82389000.0,28429000.0,140902000.0,58513000.0,142113000.0,0.2517056357046408,14.52,15.0,16.25,16.21,16.75
14.0,5000000.0,70000000.0,2010-08-12,757,34134002.0,477876028.0,28,-10617630.0,24990733.0,-7348216.0,68551701.0,43560968.0,37898160.0,0.7884176027580864,26.45,25.12,24.67,31.95,32.79
4.0,1700000.0,6800000.0,2010-08-13,70,7887885.0,31551540.0,29,2455609.0,9658586.0,1332906.0,12998627.0,3340041.0,11461098.0,0.4851960020241932,3.98,3.8,3.85,3.79,3.72
12.0,2200000.0,26400000.0,2010-08-26,52,2200000.0,26400000.0,30,8206000.0,19694000.0,1342000.0,32685000.0,12991000.0,182000000.0,0.047562578122496084,11.5,11.51,11.61,11.64,11.68
20.5,27500000.0,563750000.0,2011-01-13,100,35034840.0,718214220.0,30,42422000.0,85540000.0,0.0,117748000.0,32208000.0,1117357000.0,0.0458493951290569,21.25,21.31,21.37,21.25,21.21
5.5,3000000.0,16500000.0,2011-01-25,226,14812500.0,81468750.0,3,13315052.0,16175443.0,13142085.0,32364975.0,16189532.0,28196274.0,0.4066816495509764,0.018000000000000002,0.0191,0.034,0.034,0.026000000000000002
23.0,71428572.0,1642857156.0,2011-01-26,34000,347629277.0,7995473371.0,27,730000000.0,2997000000.0,130000000.0,5126000000.0,2129000000.0,14429000000.0,0.06613976705490847,25.0,25.4,25.0,26.07,25.75
11.0,28571428.0,314285708.0,2011-01-28,5757,115846386.0,1274310246.0,31,-38067000.0,52799000.0,-44791000.0,426267000.0,373468000.0,1320444000.0,0.3592567673140882,12.0,12.6,13.0,12.85,12.97
30.0,126200000.0,3786000000.0,2011-03-10,194000,515205100.0,15456153000.0,32,4042000000.0,23074000000.0,1207000000.0,28035000000.0,4961000000.0,23852000000.0,0.047019719151478935,31.02,31.12,30.91,31.34,31.25
13.0,10500000.0,136500000.0,2011-03-17,327,46636370.0,606272810.0,18,-12840000.0,29451000.0,-48370000.0,43731000.0,14280000.0,42894000.0,0.4914057704112953,19.07,18.25,18.19,18.06,17.94
10.0,11940133.0,119401330.0,2011-03-25,1536,65506343.0,655063430.0,27,1202000.0,62887000.0,-2567000.0,152935000.0,90048000.0,108103000.0,0.38182623152264267,12.18,11.53,11.83,12.43,12.18
20.0,35000000.0,700000000.0,2011-11-04,2416,635403352.0,12708067040.0,33,-420344000.0,270045000.0,-389640000.0,312941000.0,42896000.0,381570000.0,20.522764786795047,522.2,519.4,498.0,480.4,488.2
12.0,12500000.0,150000000.0,2011-11-18,450,12500000.0,150000000.0,34,114942000.0,230188000.0,0.0,255472000.0,25284000.0,68342000.0,0.5705889585638756,12.0,11.98,12.2,12.0,12.0
17.0,17500000.0,297500000.0,2011-12-15,183,125000000.0,2125000000.0,35,72982000.0,217475000.0,86248000.0,242000000.0,24525000.0,1068160000.0,1.5058504359351381,362.0,376.0,365.0,379.0,396.6
17.0,10000000.0,170000000.0,2011-12-15,71,39555481.0,672443177.0,35,6887993.0,32759251.0,14621956.0,45126276.0,12367025.0,516103547.0,0.3102314818134996,1518.72,1517.6,1468.5,1509.79,1537.69
10.0,100000000.0,1000000000.0,2011-12-16,2789,100000000.0,1000000000.0,6,125472000.0,421407000.0,90595000.0,597459000.0,176052000.0,1112572000.0,3.918693966262442,9.5,9.05,9.24,9.47,9.47
10.0,7200000.0,72000000.0,2012-01-19,234,7200000.0,72000000.0,19,92732000.0,127211000.0,88869000.0,824031000.0,696820000.0,484447000.0,2.8069390866461847,10.1,9.73,9.49,9.85,9.82
13.0,8850000.0,115050000.0,2012-01-25,684,48892951.0,635608363.0,18,6871000.0,104128000.0,35558000.0,172472000.0,68344000.0,126540000.0,0.1920022668998072,17.12,17.43,17.83,18.05,18.03
15.0,7150000.0,107250000.0,2012-03-02,918,7150000.0,107250000.0,36,-16171000.0,77354000.0,-16668000.0,83285000.0,5931000.0,43821000.0,0.7448827805828497,24.58,20.99,20.5,20.25,20.0
23.0,26100000.0,600300000.0,2012-03-15,2800,181375783.0,4171643009.0,37,429000000.0,954500000.0,103000000.0,2162800000.0,1208300000.0,5192600000.0,0.12277423038986658,23.4,24.55,24.85,24.8,24.25
19.0,6000000.0,114000000.0,2012-03-15,667,45259684.0,859933996.0,17,45927000.0,131860000.0,-1016000.0,310295000.0,178435000.0,211268000.0,0.1920805848703596,20.55,21.75,22.0,21.5,21.17
11.0,6660000.0,73260000.0,2012-03-22,838,33366250.0,367028750.0,38,37746000.0,104294000.0,29052000.0,259671000.0,155377000.0,246317000.0,0.3062512890422605,11.11,11.01,11.16,11.2,11.96
19.0,8500000.0,161500000.0,2012-03-22,1133,64476784.0,1225058896.0,39,1237000000.0,3021000000.0,310000000.0,8190000000.0,5169000000.0,20897000000.0,0.2492373398413667,10.69,10.62,10.33,10.25,10.07
6.5,11004600.0,71529900.0,2012-03-23,2934,101138565.0,657400672.5,40,-106917828.0,43341542.0,-107271525.0,227142876.0,183801334.0,167435320.0,5.9713975289817744,41.22,40.64,41.59,42.01,42.41
16.0,5850000.0,93600000.0,2012-03-28,290,21740372.0,347845952.0,41,-806000.0,47996000.0,-2479000.0,79503000.0,31507000.0,49818000.0,0.3996267802756897,21.03,24.91,23.4,23.0,22.1
18.0,23684211.0,426315798.0,2012-03-29,7400,90524593.0,1629442674.0,42,217200000.0,592500000.0,-51300000.0,1674900000.0,1082400000.0,3099700000.0,0.10920529801324504,20.0,21.1,21.73,21.55,21.53
6.0,8969697.0,53818182.0,2012-03-30,313,39290870.0,235745220.0,17,-28712000.0,29069000.0,-32290000.0,149523000.0,120454000.0,106242000.0,1.4249201277955272,7.34,7.81,7.64,7.45,7.43
14.0,23500000.0,329000000.0,2012-03-30,72,62863166.0,880084324.0,43,24700879.0,53524758.0,13722678.0,66470819.0,12946061.0,607012704.0,0.6687884396237045,12.41,12.49,11.8,11.16,11.27
5.0,10000000.0,50000000.0,2012-05-01,71,23912319.0,119561595.0,3,-37752000.0,803000.0,53815000.0,803000.0,0.0,53730000.0,6.575471698113207,5.37,5.74,6.06,5.97,6.35
38.0,421233615.0,16006877370.0,2012-05-18,3539,633492418.0,24072711884.0,44,1756000000.0,2851000000.0,1000000000.0,3711000000.0,860000000.0,6331000000.0,0.8799392097264438,38.23,34.03,31.0,32.0,33.03
18.0,11650000.0,209700000.0,2012-06-29,728,120289770.0,2165215860.0,18,10560000.0,61066000.0,9830000.0,92641000.0,31575000.0,108746000.0,1.138083039073138,24.6,24.77,25.31,25.96,25.84
17.0,9615384.0,163461528.0,2012-07-19,2960,53964948.0,917404116.0,12,11804000.0,66143000.0,7023000.0,197189000.0,131046000.0,76582000.0,0.0,26.5,27.27,27.55,27.6,27.05
42.0,6200000.0,260400000.0,2012-07-20,692,66601444.0,2797260648.0,13,-10404000.0,86324000.0,-12528000.0,118597000.0,32273000.0,91172000.0,1.4311631339428477,53.13,51.51,55.5,58.95,59.88
13.0,5833333.0,75833329.0,2012-07-24,3954,15043428.0,195564564.0,45,9460000.0,25980000.0,3464000.0,130583000.0,104603000.0,105938000.0,0.3758903359042441,15.06,15.82,16.71,17.12,17.65
15.0,7142857.0,107142855.0,2012-07-25,1554,21803031.0,327045465.0,46,7411000.0,77382000.0,3504000.0,264544000.0,187162000.0,78915383.0,0.16585402601860913,17.86,19.25,19.9,20.0,20.28
12.0,8333333.0,99999996.0,2012-08-03,724,62503441.0,750041292.0,22,97362000.0,262682000.0,60784000.0,331478000.0,68796000.0,329390000.0,0.1501865056645674,13.5,13.56,13.5,13.45,13.51
11.0,16000000.0,176000000.0,2012-08-08,86000,119906167.0,1318967837.0,45,213452000.0,631045000.0,100005000.0,3841264000.0,3210219000.0,3353936000.0,0.05869904999246201,27.01,27.22,26.08,27.18,27.0
0.04,93602221.0,3744089.0,2012-08-22,21,841527668.0,33661106.72,22,-4627681.0,795109.0,-4778541.0,971367.0,176258.0,3571640.0,2.0695749723495025,1.95,2.7,2.7,2.55,2.85
12.0,7575000.0,90900000.0,2012-09-28,334,30050974.0,360611688.0,18,2906000.0,62965000.0,1954000.0,76212000.0,13247000.0,68789000.0,0.16475119207727107,14.16,13.95,13.69,13.51,13.6
10.0,8000000.0,80000000.0,2012-10-03,1449,8000000.0,80000000.0,47,64100000.0,120400000.0,40300000.0,510800000.0,390400000.0,364300000.0,0.2684380432083437,11.0,11.28,11.02,10.76,10.42
16.0,29411764.0,470588224.0,2012-10-04,15000,112600136.0,1801602176.0,48,42000000.0,653000000.0,-299000000.0,4561000000.0,3908000000.0,5217000000.0,0.0714117923420249,15.2,15.0,14.75,14.55,14.16
6.0,6000000.0,36000000.0,2012-10-10,425,25909462.0,155456772.0,17,15477000.0,60239000.0,13929000.0,94739000.0,34500000.0,64133000.0,0.32455784690667605,6.06,6.08,6.23,6.15,6.01
17.0,4500000.0,76500000.0,2012-10-11,224,32838281.0,558250777.0,6,22890000.0,74767000.0,21864000.0,120271000.0,45504000.0,24855000.0,0.4495197232834778,21.66,22.0,22.95,23.04,23.08
27.0,40000000.0,1080000000.0,2012-10-11,10900,130153234.0,3514137318.0,49,270000000.0,891000000.0,-441000000.0,4093000000.0,3202000000.0,7350000000.0,0.0007334963325183374,34.2,33.6,33.5,35.74,37.49
17.5,12500000.0,218750000.0,2012-10-12,54,35111532.0,614451810.0,35,15147000.0,37500000.0,-386000.0,49366000.0,11866000.0,263578000.0,0.811396910431879,17.5,17.75,17.79,17.7,17.7
26.0,20500000.0,533000000.0,2012-12-13,1578,20500000.0,533000000.0,50,305690000.0,1105175000.0,242671000.0,14960338000.0,13855163000.0,3621109000.0,70.01280195185859,26.25,27.02,28.04,27.87,27.6
18.0,11000000.0,198000000.0,2013-01-15,227,15048588.0,270874584.0,39,20842000.0,80991000.0,4503000.0,118787000.0,37796000.0,872645000.0,0.20327188006482985,17.6,17.57,17.5,17.4,17.87
19.0,16500000.0,313500000.0,2013-01-18,250,19413165.0,368850135.0,30,16300000.0,144800000.0,-20300000.0,220800000.0,76000000.0,1210900000.0,0.2151898734177216,21.2,22.12,22.6,22.01,21.86
19.0,23529412.0,447058828.0,2013-01-18,14072,200468080.0,3808893520.0,43,357093000.0,797813000.0,168556000.0,2276246000.0,1478433000.0,5938427000.0,0.0256483505788249,24.79,26.95,27.49,27.35,27.35
22.0,10100000.0,222200000.0,2013-01-25,22000,62871119.0,1383164618.0,51,95464000.0,245770000.0,8162000.0,1070938000.0,825168000.0,1916108000.0,0.0998633050597668,28.32,28.25,28.75,28.63,28.0
17.0,13689000.0,232713000.0,2013-01-31,53,31597907.0,537164419.0,52,98715000.0,258371000.0,61481000.0,1070306000.0,811935000.0,217516000.0,54.37306637694656,19.05,19.0,18.4,18.18,18.16
26.0,86100000.0,2238600000.0,2013-02-01,9500,86100000.0,2238600000.0,3,695000000.0,2773000000.0,436000000.0,4336000000.0,1563000000.0,6262000000.0,0.024332624616111503,31.01,31.02,31.04,31.03,32.0
21.0,11764706.0,247058826.0,2013-02-06,4470,41464706.0,870758826.0,53,63131000.0,375617000.0,41496000.0,2779062000.0,2403445000.0,827784000.0,0.2361891527377932,52.99,55.61,57.5,60.06,61.93
18.0,5300000.0,95400000.0,2013-02-07,155,12798272.0,230368896.0,54,-8072000.0,12143000.0,-10168000.0,28657000.0,16514000.0,33075000.0,0.8742315238718117,28.47,27.33,31.41,32.55,35.69
22.0,28572000.0,628584000.0,2013-04-10,1041,28572000.0,628584000.0,52,94376000.0,206641000.0,0.0,1041182000.0,834541000.0,2738056000.0,-0.2401168599614505,23.04,24.01,24.3,23.45,23.75
20.0,25263159.0,505263180.0,2013-04-12,1660,79096144.0,1581922880.0,6,79646000.0,182824000.0,77366000.0,342490000.0,159666000.0,977745000.0,0.06654168820572866,20.44,20.03,20.54,19.79,19.54
27.0,26000000.0,702000000.0,2013-04-19,22100,92737008.0,2503899216.0,55,222716000.0,574611000.0,74221000.0,1423752000.0,849141000.0,2521052000.0,0.0698676108790824,33.52,32.92,32.85,32.47,33.2
8.9,3500000.0,31150000.0,2013-05-01,182,3500000.0,31150000.0,3,1749000.0,52128000.0,4021000.0,53482000.0,1355000.0,69311000.0,0.15879791129504042,8.98,9.09,9.04,8.98,8.91
17.0,12500000.0,212500000.0,2013-05-03,1013,12500000.0,212500000.0,27,48634000.0,113171000.0,26443000.0,291719000.0,178548000.0,612439000.0,0.1486628026019436,17.08,17.0,16.78,16.81,16.9
11.5,16525000.0,190037500.0,2013-05-08,100,16698913.0,192037499.5,56,24691000.0,40832000.0,8897000.0,108482000.0,67650000.0,331813000.0,-0.16667690889537565,11.58,11.55,11.6,11.65,11.53
14.0,5750000.0,80500000.0,2013-05-23,432,20471561.0,286601854.0,18,-3849000.0,38838000.0,-4933000.0,53587000.0,14749000.0,48022000.0,0.2299058985540509,18.44,18.69,17.78,17.0,17.07
15.0,22222222.0,333333330.0,2013-05-23,8845,101811560.0,1527173400.0,57,347000000.0,625000000.0,186000000.0,4759000000.0,4135000000.0,2150000000.0,0.030979202772963607,14.11,14.23,14.94,15.43,16.75
9.25,5582636.0,51639383.0,2013-05-31,292,34306634.0,317336364.5,3,4238000.0,22693000.0,260000.0,72675000.0,49982000.0,89114000.0,0.22177765075735925,10.1,10.54,10.21,9.92,9.82
14.0,16000000.0,224000000.0,2013-07-19,31,25229818.0,353217452.0,30,5100000.0,22167000.0,-8957000.0,31417000.0,9250000.0,420496000.0,0.20090975115630136,14.04,14.0,14.09,14.02,14.03
18.0,18500000.0,333000000.0,2013-08-01,13600,143658944.0,2585860992.0,46,70685000.0,530309000.0,19500000.0,1794823000.0,1264514000.0,1103236000.0,0.6229831654276824,40.11,39.98,41.13,39.77,39.3
12.0,4750000.0,57000000.0,2013-08-02,109,18267515.0,219210180.0,58,-23838000.0,2807000.0,-38794000.0,7140000.0,4333000.0,33778000.0,0.35974100171395923,13.75,13.55,13.54,13.25,13.248
15.0,8571429.0,128571435.0,2013-08-08,545,36317087.0,544756305.0,59,26154000.0,62829000.0,14210000.0,235869000.0,173040000.0,142120000.0,0.19282994249996208,18.61,18.5,18.08,17.53,17.31
22.0,30000000.0,660000000.0,2013-08-09,4100,149024000.0,3278528000.0,2,361520000.0,613447000.0,260919000.0,1039054000.0,425607000.0,1107961000.0,0.4443100754505068,26.36,26.5,26.09,26.1,26.38
26.5,4935000.0,130777500.0,2013-09-18,800,24312049.0,644269298.5,18,-12802000.0,37339000.0,-14873000.0,81739000.0,44400000.0,58226000.0,0.18836049605280367,53.55,50.3,50.91,49.57,47.95
20.0,15175000.0,303500000.0,2013-09-20,932,117470849.0,2349416980.0,13,-33619000.0,65686000.0,-35756000.0,83316000.0,17630000.0,125273000.0,1.4753698972012597,36.0,37.45,37.01,38.8,41.63
10.0,3600000.0,36000000.0,2013-09-26,927,12604334.0,126043340.0,17,179000.0,18929000.0,-945000.0,63421000.0,44492000.0,65748000.0,0.3256897993311037,9.96,10.1,10.0,10.0,9.97
13.0,7500000.0,97500000.0,2013-09-27,399,7500000.0,97500000.0,6,-33827000.0,69623000.0,-35390000.0,114526000.0,44903000.0,63354000.0,0.45195684420046395,18.2,18.02,17.08,17.0,16.91
13.0,71500000.0,929500000.0,2013-10-02,629,90524236.0,1176815068.0,30,88689000.0,154589000.0,0.0,260294000.0,105705000.0,1052553000.0,-0.11701290418877296,13.1,13.2,13.15,13.29,13.28
17.0,13333333.0,226666661.0,2013-10-02,29556,71632530.0,1217753010.0,60,146523000.0,1524067000.0,-6272000.0,3887531000.0,2363464000.0,2501143000.0,0.0503749031703912,25.01,24.86,25.89,26.77,25.9
14.0,7500000.0,105000000.0,2013-10-04,5000,28006535.0,392091490.0,45,8565000.0,85572000.0,24046000.0,274914000.0,189342000.0,126699000.0,0.1552658783187514,30.77,32.4,30.22,30.66,29.32
21.0,12250000.0,257250000.0,2013-10-09,415,27002274.0,567047754.0,30,15515000.0,90621000.0,-9767000.0,145759000.0,55138000.0,685443000.0,0.11781803122795174,21.0,21.19,21.8,21.6,21.76
44.0,35725000.0,1571900000.0,2013-10-10,184,260100000.0,11444400000.0,35,444015000.0,638381000.0,-285069000.0,735718000.0,97337000.0,3618793000.0,0.06417126995905131,52.01,53.3,55.64,57.06,57.56
20.0,13045000.0,260900000.0,2013-10-16,593,13045000.0,260900000.0,18,6638000.0,32206000.0,4230000.0,61262000.0,29056000.0,41414000.0,1.1031274674722784,37.16,41.6,44.39,46.24,42.95
17.0,21045148.0,357767516.0,2013-10-16,4500,111631667.0,1897738339.0,6,-3286000.0,153336000.0,6176000.0,207640000.0,54304000.0,637997000.0,-0.3608441634396951,9.83,10.0,10.3,10.16,9.85
13.0,6500000.0,84500000.0,2013-10-18,87,6500000.0,84500000.0,54,887000.0,4949000.0,280000.0,11485000.0,6535000.0,14157000.0,0.21908502282135656,144.0,177.15,165.95,147.65,168.75
15.0,38461537.0,576923055.0,2013-10-25,12500,185653830.0,2784807450.0,8,238238000.0,1060681000.0,5353000.0,3321885000.0,2261204000.0,4793264000.0,0.014172962470637731,14.99,14.88,15.25,15.43,15.28
18.0,8500000.0,153000000.0,2013-10-25,400,10071970.0,181295460.0,14,7456000.0,121555000.0,-12831000.0,4043907000.0,3922352000.0,1054247000.0,0.06490710683839347,17.75,17.45,17.5,17.51,17.36
31.0,8082580.0,250559980.0,2013-10-30,746,55298218.0,1714244758.0,33,11794000.0,133800000.0,1096000.0,358416000.0,224616000.0,180793000.0,0.9231730939490359,35.39,35.31,34.1,34.46,33.98
20.0,41250000.0,825000000.0,2013-10-30,475,223492460.0,4469849200.0,30,224693000.0,814236000.0,-122567000.0,1088254000.0,274018000.0,9603729000.0,-0.022567317537588245,20.4,20.65,20.78,20.94,20.61
13.0,5000000.0,65000000.0,2013-10-30,107,20989890.0,272868570.0,61,-18929000.0,4044000.0,-18649000.0,11628000.0,7584000.0,19067000.0,3.396219281663516,13.25,12.39,12.3,12.8,12.4
12.0,6000000.0,72000000.0,2013-10-31,513,35700897.0,428410764.0,49,49008000.0,155468000.0,27934000.0,385716000.0,230248000.0,89733000.0,0.4041098633079121,13.42,13.91,14.02,13.59,13.92
18.0,12500000.0,225000000.0,2013-11-01,5375,46047915.0,828862470.0,62,-6418000.0,367264000.0,-30671000.0,633619000.0,266355000.0,746678000.0,0.11391828698006401,36.2,35.35,35.35,35.9,35.31
16.5,7700000.0,127050000.0,2013-11-06,452,36601064.0,603917556.0,44,-14961000.0,34443000.0,-14972000.0,43676000.0,9233000.0,16055000.0,0.7754471544715447,16.31,16.56,17.3,17.94,17.55
26.0,70000000.0,1820000000.0,2013-11-07,2300,544696816.0,14162117216.0,44,-77083000.0,188165000.0,-79399000.0,316933000.0,128768000.0,831568000.0,1.9811311880955291,44.9,41.65,42.9,41.9,42.6
11.0,9000000.0,99000000.0,2013-11-07,191,19413449.0,213547939.0,52,8325000.0,21690000.0,9705000.0,76221000.0,54531000.0,45556151.0,0.5106381760054308,12.9,13.04,13.26,12.72,13.05
12.5,15000000.0,187500000.0,2013-11-13,613,81728265.0,1021603312.5,1,-47849000.0,67665000.0,-49043000.0,213334000.0,145669000.0,196367000.0,0.2401841667732447,9.68,8.88,9.13,9.0,8.72
20.0,28250000.0,565000000.0,2013-11-13,10400,200450000.0,4009000000.0,10,284272000.0,517827000.0,20732000.0,1011462000.0,493635000.0,4491734000.0,0.07290968338693664,23.87,23.5,23.85,23.8,23.41
12.0,18250000.0,219000000.0,2013-11-14,3300,139955578.0,1679466936.0,63,-120687000.0,454217000.0,-236253000.0,1285641000.0,831424000.0,3029584000.0,-0.007453128437923407,15.86,16.11,15.78,16.24,17.66
14.75,5000000.0,73750000.0,2013-11-21,187,24069577.0,355026260.75,58,-3126000.0,7520000.0,-2522000.0,17072000.0,9552000.0,64855000.0,0.14569491980404,17.23,16.74,17.02,16.76,17.34
5.0,3000000.0,15000000.0,2013-11-22,10,6200357.0,31001785.0,64,-3038307.0,3043.0,-4647219.0,1126907.0,1123864.0,3207003.0,0.30918327871175955,53.5,69.0,69.6,69.5,70.0
20.0,10000000.0,200000000.0,2013-11-22,1514,36263585.0,725271700.0,21,42917000.0,85710000.0,-147866000.0,175255000.0,89545000.0,468445000.0,-0.7012226931299376,286.6,277.5,290.0,297.0,292.7
13.0,5786000.0,75218000.0,2013-11-22,353,5786000.0,75218000.0,55,3389000.0,24566000.0,681000.0,27531000.0,2966000.0,60887000.0,-0.2541651992522959,20.01,20.31,20.03,20.8,20.22
17.0,7820000.0,132940000.0,2013-12-11,1092,7820000.0,132940000.0,6,47906000.0,88965000.0,34169000.0,117574000.0,28609000.0,381952000.0,0.708278848109726,30.07,29.26,28.5,28.0,27.1
20.0,117640624.0,2352812480.0,2013-12-12,151000,984615364.0,19692307280.0,10,1100000000.0,5288000000.0,352000000.0,9276000000.0,3988000000.0,27066000000.0,0.05613116247295913,44.11,45.34,44.15,44.75,44.79
20.0,36250000.0,725000000.0,2013-12-12,272000,229837345.0,4596746900.0,45,581775000.0,1314007000.0,103551000.0,13505426000.0,12191419000.0,10487354000.0,0.032337319127861856,22.7,23.83,23.7,23.46,24.0
18.0,18421053.0,331578954.0,2013-12-18,19000,18921691.0,340590438.0,65,96678000.0,1512342000.0,-94098000.0,2521977000.0,1009635000.0,3640267000.0,0.06748632191312902,8.05,9.29,10.5,9.85,10.28
43.0,5250000.0,225750000.0,2014-06-06,850,63582416.0,2734043888.0,66,66148000.0,238538000.0,42460000.0,361224000.0,122686000.0,364520000.0,0.8676786896095301,55.0,55.2,60.0,63.5,66.0
19.0,10000000.0,190000000.0,2014-06-12,2129,47269567.0,898121773.0,67,141152000.0,358010000.0,-22218000.0,5307414000.0,4949404000.0,2574781000.0,-0.026503560495965733,20.25,20.2,20.27,21.25,21.79
11.0,7500000.0,82500000.0,2014-06-13,226,23000000.0,253000000.0,53,-19972000.0,10731000.0,-47611000.0,86094000.0,75363000.0,90233000.0,0.35681528060139,10.75,10.63,10.25,10.26,10.53
23.0,4480000.0,103040000.0,2014-06-18,181,21452587.0,493409501.0,52,17860000.0,41482000.0,12379000.0,171133000.0,129651000.0,312639000.0,0.7820785171300635,21.25,21.2,21.0,20.74,21.5
12.0,7315000.0,87780000.0,2014-06-24,1513,7315000.0,87780000.0,18,17618000.0,67869000.0,10662000.0,118127000.0,50258000.0,244403000.0,-0.1593640808135439,14.9,15.26,15.14,15.09,14.97
7.0,8000000.0,56000000.0,2014-06-25,1217,43405940.0,303841580.0,3,17490000.0,86956000.0,11862000.0,229681000.0,142725000.0,338748000.0,0.12410741815654625,8.75,10.01,10.5,10.01,9.75
12.0,8000000.0,96000000.0,2014-06-25,997,8000000.0,96000000.0,18,6091000.0,57231000.0,4702000.0,94696000.0,37465000.0,76736000.0,0.21518857392174728,11.55,11.9,11.92,11.5,13.55
24.0,17800000.0,427200000.0,2014-06-26,718,17800000.0,427200000.0,68,98703000.0,361784000.0,60578000.0,985737000.0,623953000.0,439671000.0,0.8739677120087602,8.08,7.96,8.29,9.31,9.81
17.0,27777778.0,472222226.0,2014-06-27,50200,203103839.0,3452765263.0,69,592000000.0,1765000000.0,200000000.0,4408000000.0,2643000000.0,1555000000.0,0.04703087885985748,17.02,17.05,16.85,16.76,17.03
10.0,1500000.0,15000000.0,2014-07-02,25,5519200.0,55192000.0,3,7687692.0,13494119.0,9476699.0,22518369.0,9024250.0,7417939.0,0.537971244411303,11.05,11.85,11.51,12.89,13.8
6.25,2016000.0,12600000.0,2014-07-16,46,10416000.0,65100000.0,22,2787226.0,8486712.0,1936890.0,11340097.0,2853385.0,6986871.0,0.4756027310648543,9.9,9.0,8.8,8.79,8.75
10.0,4000000.0,40000000.0,2014-07-17,55,11570552.0,115705520.0,61,-857000.0,13020000.0,-3542000.0,22098000.0,9078000.0,9873000.0,0.08053395921959806,9.05,10.0,10.0,10.0,10.0
10.0,7125000.0,71250000.0,2014-07-18,335,26558716.0,265587160.0,70,-6987000.0,15644000.0,-8175000.0,83829000.0,68185000.0,51653000.0,0.5096164235548353,11.4,11.6,11.2,11.16,10.67
10.0,5850000.0,58500000.0,2014-07-18,3322,33345158.0,333451580.0,6,-5699000.0,58721000.0,13769000.0,158324000.0,99603000.0,111747000.0,0.2287561409091262,11.51,11.44,11.02,10.99,10.67
5.0,4080000.0,20400000.0,2014-07-23,1095,10982944.0,54914720.0,18,-127516.0,6199772.0,-177996.0,10472751.0,4272979.0,5772614.0,0.04544682259664299,8.54,8.52,9.14,9.44,9.81
11.0,8333333.0,91666663.0,2014-07-24,2680,8767242.0,96439662.0,71,46150000.0,81430000.0,10111000.0,268578000.0,187148000.0,939203000.0,0.2058131599741398,10.4,10.46,10.51,10.29,10.48
11.0,5000000.0,55000000.0,2014-07-24,146,22501808.0,247519888.0,22,-17966000.0,9781000.0,-18369000.0,17931000.0,8150000.0,21035000.0,2.0583319119904484,12.92,12.65,12.75,12.6,12.56
18.0,19500000.0,351000000.0,2014-07-25,1386,59635126.0,1073432268.0,72,115491000.0,370400000.0,-26116000.0,1845944000.0,1475544000.0,1387558000.0,0.0018599557019012573,17.75,17.5,17.5,17.45,17.0
13.0,5000000.0,65000000.0,2014-07-25,58,20569490.0,267403370.0,3,-12903000.0,0.0,-13317000.0,0.0,0.0,19146000.0,-1.0,13.15,12.84,12.9,12.94,12.86
15.0,7142857.0,107142855.0,2014-07-25,4460,35858407.0,537876105.0,45,42860000.0,82319000.0,-16873000.0,314727000.0,232408000.0,416942000.0,0.07192193726371718,24.03,34.48,29.9,34.56,38.75
16.0,14500000.0,232000000.0,2014-07-25,3700,52748211.0,843971376.0,73,56527000.0,187961000.0,20660000.0,1017102000.0,829141000.0,907739000.0,0.0033005969878353372,16.15,16.0,16.01,15.92,15.54
18.0,3000000.0,54000000.0,2014-07-29,137,3000000.0,54000000.0,74,32829000.0,84064000.0,31412000.0,317090000.0,233026000.0,109073000.0,-0.16348776717265248,8.94,8.66,8.57,8.6,8.75
11.0,5200000.0,57200000.0,2014-08-07,68,19196984.0,211166824.0,22,-19692000.0,266000.0,-20610000.0,266000.0,0.0,31885000.0,13.0,14.32,13.4,13.7,15.16,16.77
11.0,11000000.0,121000000.0,2014-08-08,3650,32037500.0,352412500.0,75,124600000.0,616600000.0,127300000.0,3460300000.0,2843700000.0,1951800000.0,-0.14023405471215244,10.3,10.37,10.39,10.39,10.35
11.0,10000000.0,110000000.0,2014-08-08,238,22855155.0,251406705.0,76,-4712000.0,14385000.0,-1997000.0,42786000.0,28401000.0,184968000.0,1.829200555445348,5.25,5.3,5.16,5.32,4.92
12.0,3000000.0,36000000.0,2014-09-12,63,11370936.0,136451232.0,77,-8745000.0,-429000.0,-12177000.0,1588000.0,2017000.0,11059000.0,0.6337448559670782,640.0,928.75,923.75,842.5,706.25
68.0,320106100.0,21767214800.0,2014-09-19,22072,320106100.0,21767214800.0,27,1730000000.0,3990000000.0,1373000000.0,5553000000.0,1564000000.0,10262000000.0,0.7462264150943396,93.89,89.89,87.17,90.57,88.92
7.0,60158143.0,421107001.0,2014-09-24,12275,1270425548.0,8892978836.0,58,1101000000.0,2410000000.0,819000000.0,6272000000.0,3862000000.0,7973485000.0,-0.03081744027945588,7.16,7.05,7.2,7.15,7.23
16.0,900000.0,14400000.0,2014-09-24,487,31657908.0,506526528.0,18,9079000.0,57081000.0,6635000.0,66157000.0,9076000.0,89632000.0,0.4013938315539739,29.93,31.39,29.8,27.39,32.01
18.0,7000000.0,126000000.0,2014-11-06,114,23543131.0,423776358.0,22,-25151000.0,14027000.0,-26014000.0,23500000.0,9473000.0,75411000.0,0.2947658402203857,25.19,25.3,25.26,25.0,25.1
12.0,3846154.0,46153848.0,2014-11-06,296,14335673.0,172028076.0,18,-4619000.0,27726000.0,-9197000.0,41193000.0,13467000.0,94847000.0,0.8096472345472917,9.75,10.81,11.29,11.19,11.02
15.0,10416667.0,156250005.0,2014-11-07,150,31799037.0,476985555.0,78,-12380676.0,27192941.0,-21687155.0,63150776.0,35957835.0,62617224.0,0.4510927881206985,19.11,18.42,18.51,18.3,18.21
19.5,50000000.0,975000000.0,2014-11-12,12650,229069356.0,4466852442.0,79,24900000.0,1214000000.0,-224900000.0,3986800000.0,2772800000.0,6737100000.0,-0.06342792708137568,20.75,21.5,21.98,22.33,21.88
10.0,11000000.0,110000000.0,2015-05-21,1708,11000000.0,110000000.0,40,-9164000.0,80317000.0,-9641000.0,255387000.0,175070000.0,140637000.0,0.015935969703358647,10.44,11.08,12.78,12.24,11.88
17.0,7700000.0,130900000.0,2015-05-21,632,7700000.0,130900000.0,18,-21615000.0,61795000.0,-22311000.0,105018000.0,43223000.0,95193000.0,1.0898272705563958,25.68,28.31,29.65,27.5,27.45
15.0,9000000.0,135000000.0,2015-07-01,353,39086637.0,586299555.0,77,-45425000.0,15812000.0,-45722000.0,48186000.0,32374000.0,71278000.0,0.3927797207850392,19.25,23.5,24.06,22.28,22.02
9.5,2350000.0,22325000.0,2015-07-01,620,9089998.0,86354981.0,37,10134245.0,31460133.0,4464840.0,126480235.0,95020102.0,84150706.0,0.5759544069561761,13.49,12.45,12.22,12.11,12.0
19.0,8250000.0,156750000.0,2015-07-01,259,37046346.0,703880574.0,80,-15150000.0,33599000.0,-17037000.0,43528000.0,9929000.0,91839000.0,1.186677383703406,28.5,28.0,26.69,27.01,26.25
18.0,10000000.0,180000000.0,2015-07-02,674,48427337.0,871692066.0,61,665000.0,80893000.0,-5152000.0,159289000.0,78396000.0,123623000.0,1.8871871091696728,22.74,22.0,22.0,21.47,21.25
7.0,2858000.0,20006000.0,2015-07-07,2255,1429000.0,10003000.0,1,19437000.0,26281000.0,22671000.0,74578000.0,48297000.0,102969000.0,0.04745853172095114,9.0,9.22,11.5,10.11,10.38
10.0,5300000.0,53000000.0,2015-07-16,852,5300000.0,53000000.0,81,17565232.0,27817886.0,14149905.0,38310243.0,10492358.0,67313863.0,0.7079439307543024,11.08,10.02,9.75,9.98,9.66
15.0,6071429.0,91071435.0,2015-07-17,475,17210426.0,258156390.0,82,18594000.0,37612000.0,19927000.0,177587000.0,139975000.0,96142000.0,0.0961551518742786,15.92,15.11,15.65,15.65,15.67
13.0,5000000.0,65000000.0,2015-07-17,116,16952585.0,220383605.0,6,-1455000.0,22198000.0,-2000000.0,53665000.0,31467000.0,17716000.0,0.3678535926388499,10.95,10.4,10.2,10.29,10.1
9.0,1800000.0,16200000.0,2015-07-31,64,17991689.0,161925201.0,83,835000.0,20634000.0,-1032000.0,20707000.0,73000.0,124484000.0,0.5728826433725788,8.85,8.83,8.8,8.75,8.99
9.0,27000000.0,243000000.0,2015-11-19,1282,27000000.0,243000000.0,18,-150491000.0,226074000.0,-154093000.0,850192000.0,624118000.0,541888000.0,0.5389956791140283,13.07,12.85,12.12,12.02,11.9
16.0,12000000.0,192000000.0,2016-06-10,3200,62458367.0,999333872.0,84,36938000.0,272793000.0,-4955000.0,1729168000.0,1456375000.0,1113799000.0,0.015462422144678472,16.0,16.25,16.07,16.13,16.1
19.0,2400000.0,45600000.0,2016-06-10,1586,19665710.0,373648490.0,1,-49561000.0,14631000.0,-50371000.0,23820000.0,9189000.0,44898000.0,1.8303231939163496,18.98,21.26,21.75,21.55,20.0
5.0,2700000.0,13500000.0,2016-06-14,23,10201919.0,51009595.0,29,-11990000.0,462000.0,-12426000.0,1447000.0,985000.0,11107000.0,15.077777777777778,2.95,2.91,3.17,3.18,3.56
15.0,10000000.0,150000000.0,2016-06-23,567,10000000.0,150000000.0,18,-35393000.0,92465000.0,-35504000.0,166919000.0,74454000.0,157516000.0,0.8787452445805101,28.79,26.3,27.25,29.92,37.08
14.0,4800000.0,67200000.0,2016-07-21,208,17810000.0,249340000.0,85,1601000.0,40846000.0,900000.0,78479000.0,37633000.0,52848000.0,0.2307921521885733,55.3,52.87,55.01,56.36,60.69
11.0,6250000.0,68750000.0,2016-07-22,6000,32799363.0,360792993.0,86,27619000.0,41745000.0,7682000.0,585852000.0,544107000.0,329920000.0,0.8265237087174627,13.56,13.25,13.83,14.31,14.23
12.0,6250000.0,75000000.0,2016-07-27,138,44870332.0,538443984.0,3,-139853000.0,29714000.0,-147082000.0,35719000.0,6005000.0,84137000.0,-0.6240817529310236,9.7,9.6,8.95,9.57,9.74
10.0,4000000.0,40000000.0,2016-07-28,275,16649017.0,166490170.0,22,3451000.0,45964000.0,1393000.0,62872000.0,16908000.0,36973000.0,0.31707725825372884,11.08,11.26,12.07,13.16,13.65
18.0,5250000.0,94500000.0,2016-07-29,566,5250000.0,94500000.0,18,-21445000.0,57252000.0,-22006000.0,75960000.0,18708000.0,48061000.0,0.21378693213595185,25.5,26.02,25.85,25.52,25.78
15.0,8667000.0,130005000.0,2016-08-04,2941,59503727.0,892555905.0,62,46303000.0,162116000.0,-436000.0,497733000.0,335617000.0,968315000.0,0.2321160691741384,24.46,26.4,28.21,28.25,29.12
23.0,7000000.0,161000000.0,2016-08-11,2300,39642113.0,911768599.0,87,20562000.0,156394000.0,-8673000.0,359059000.0,202665000.0,984041000.0,0.0999638511402208,28.04,29.22,29.32,28.14,27.77
8.0,1500000.0,12000000.0,2016-08-12,48,7237615.0,57900920.0,8,-330701.0,11644910.0,-270342.0,27793073.0,16148163.0,15260414.0,0.08951545717819177,8.0,8.3,8.11,8.2,9.2
12.0,7500000.0,90000000.0,2016-09-16,430,26923604.0,323083248.0,18,-10787000.0,38931000.0,-10824000.0,58720000.0,19789000.0,53509000.0,0.3842200796775182,15.25,16.5,17.01,17.55,16.86
17.0,8333333.0,141666661.0,2016-09-22,231,44379833.0,754457161.0,88,25571000.0,100329000.0,4357000.0,191413000.0,91084000.0,361072000.0,0.3205996798763661,25.78,26.08,26.33,27.41,28.72
4.5,1713190.0,7709355.0,2016-09-28,393,21098660.0,94943970.0,31,6502418.0,10347507.0,7280278.0,32630502.0,22282995.0,52132124.0,0.04284715969301455,259.9191,147.45600000000002,100.71,82.17,63.72
12.0,4300000.0,51600000.0,2016-09-29,204,15584558.0,187014696.0,27,6165000.0,20911000.0,-2864000.0,70039000.0,49128000.0,58602000.0,0.4462501032460561,14.88,14.32,14.93,14.5,13.45
9.0,4200000.0,37800000.0,2016-09-29,55,17046256.0,153416304.0,61,-5012000.0,4507000.0,-8314000.0,9576000.0,5069000.0,5832000.0,6.492957746478872,92.34,94.56,109.56,97.2,102.29
16.0,14870000.0,237920000.0,2016-09-30,1980,14870000.0,237920000.0,18,-118765000.0,140473000.0,-126127000.0,241432000.0,100959000.0,249831000.0,0.8991402298488913,27.27,25.72,27.12,27.01,27.7
10.0,19250000.0,192500000.0,2016-11-02,573,19250000.0,192500000.0,44,-187000.0,29050000.0,-15182000.0,108358000.0,79308000.0,789743000.0,0.4353954166114717,10.41,10.4,10.0,9.74,9.74
11.0,11700000.0,128700000.0,2016-11-04,97,34238712.0,376625832.0,89,16583000.0,26695000.0,4990000.0,47698000.0,21003000.0,132564000.0,-0.300308053395922,10.99,11.07,11.07,11.58,11.57
7.0,2400000.0,16800000.0,2016-12-07,103,9783158.0,68482106.0,84,306526.0,2288034.0,-33339.0,6846759.0,4558725.0,4783132.0,0.3163543219161964,9.0,8.6,8.87,8.18,7.93
9.0,5877778.0,52900002.0,2016-12-09,530,23727787.0,213550083.0,17,12601000.0,48554000.0,5626000.0,290641000.0,242087000.0,198023000.0,0.16682524579765304,9.77,10.44,10.63,10.2,11.12
11.0,26110118.0,287211298.0,2016-12-16,1183,30026635.0,330292985.0,6,-52002000.0,532439000.0,-42504000.0,535640000.0,3200000.0,825870000.0,0.4310140312256217,11.85,12.15,11.81,11.8,11.71
20.0,77000000.0,1540000000.0,2017-02-01,907,302116760.0,6042335200.0,90,190777000.0,531767000.0,-78239000.0,922587000.0,390820000.0,9732351000.0,0.1035082871936932,20.0,20.23,20.63,20.73,20.8
14.0,35000000.0,490000000.0,2017-02-01,67800,35000000.0,490000000.0,1,290677000.0,513173000.0,371847000.0,3301864000.0,2788691000.0,7062470000.0,-0.2306322566634488,13.25,13.0,13.27,13.38,13.41
13.5,5700000.0,76950000.0,2017-02-10,180,17012755.0,229672192.5,30,25797000.0,49823000.0,-3735000.0,93005000.0,43182000.0,905208000.0,0.09929790553638126,13.5,13.5,13.51,13.58,13.5
17.0,200000000.0,3400000000.0,2017-03-02,1859,661834416.0,11251185072.0,44,-520385000.0,-47178000.0,-514643000.0,404482000.0,451660000.0,1722792000.0,5.895010483609773,24.48,27.09,23.77,21.44,22.81
13.0,11666667.0,151666671.0,2017-03-09,3801,43747944.0,568723272.0,91,14158000.0,362692000.0,-6155000.0,562015000.0,199323000.0,582032000.0,0.16262929251137775,63.25,64.75,65.5,64.5,62.7
19.0,16200000.0,307800000.0,2017-03-15,23500,16200000.0,307800000.0,92,575000000.0,1228000000.0,-74000000.0,7014000000.0,5786000000.0,10846000000.0,0.2418555240793201,22.91,22.55,22.01,21.53,21.27
14.0,25000000.0,350000000.0,2017-03-17,642,83039854.0,1162557956.0,2,-44857000.0,32780000.0,-53147000.0,436920000.0,404140000.0,541422000.0,-0.23295963259588004,14.5,14.36,14.05,14.0,14.05
14.0,9000000.0,126000000.0,2017-03-24,424,9000000.0,126000000.0,18,-23022000.0,69764000.0,-24258000.0,85790000.0,16026000.0,111415000.0,0.5939874770071162,15.5,15.23,14.93,15.01,15.03
6.5,12400000.0,80600000.0,2017-04-06,540,39499745.0,256748342.5,93,47804000.0,179997000.0,-22373000.0,580441000.0,400444000.0,570181000.0,0.3374031695414349,7.76,7.4,7.68,7.73,7.7
19.0,28947000.0,549993000.0,2017-04-06,19300,90508890.0,1719668910.0,94,290400000.0,2326800000.0,156900000.0,4045700000.0,1718900000.0,3054600000.0,0.021796231752285698,19.0,19.0,19.31,18.69,18.96
11.0,10500000.0,115500000.0,2017-04-13,630,85489470.0,940384170.0,6,-26138000.0,58691000.0,-26495000.0,89724000.0,31033000.0,85497000.0,0.4953501549948335,13.41,13.55,14.01,14.04,13.81
19.0,16666667.0,316666673.0,2017-04-13,1130,53442532.0,1015408108.0,95,-101100000.0,27932000.0,-111489000.0,369017000.0,341085000.0,947631000.0,-0.3225727099331232,20.21,20.43,20.36,19.63,19.79
14.0,8700000.0,121800000.0,2017-04-21,1700,12777970.0,178891580.0,2,-298973000.0,-44128000.0,-307524000.0,302399000.0,346527000.0,405066000.0,-0.4353771726567795,14.02,15.28,15.82,16.0,15.72
21.0,8823500.0,185293500.0,2017-04-27,4391,92358577.0,1939530117.0,96,69129000.0,429262000.0,43039000.0,1050759000.0,621497000.0,831166000.0,0.340233312755417,32.05,32.4,33.54,33.51,36.36
15.0,15000000.0,225000000.0,2017-04-28,1067,15000000.0,225000000.0,97,-89479000.0,19197000.0,-93112000.0,365148000.0,345951000.0,335833000.0,1.800386526780784,11.1,10.77,10.1,8.72,9.98
17.0,9500000.0,161500000.0,2017-04-28,197,45325225.0,770528825.0,2,-17982000.0,44646000.0,-17927000.0,98479000.0,53833000.0,326827000.0,-0.13618700934169553,400.2,409.0,410.2,414.2,400.6
17.0,15500000.0,263500000.0,2017-04-28,430,72202207.0,1227437519.0,27,100400000.0,239300000.0,22200000.0,323700000.0,84400000.0,1572500000.0,0.0564621409921671,19.5,19.6,19.81,19.87,20.3
8.0,7000000.0,56000000.0,2017-07-20,27,26600000.0,212800000.0,58,-12109000.0,199000.0,-12086000.0,399000.0,200000.0,16623000.0,-0.6863207547169812,11.25,10.81,10.82,10.75,10.44
16.0,6250000.0,100000000.0,2017-07-21,202,12285083.0,196561328.0,98,702000.0,32547000.0,0.0,200162000.0,167615000.0,81330000.0,-0.026861201728840427,33.54,34.39,35.44,36.02,37.05
5.0,1400000.0,7000000.0,2017-07-28,95,10599000.0,52995000.0,99,1394427.0,4540948.0,2433720.0,12279721.0,7738773.0,17591424.0,0.7597125298104654,8.93,8.66,7.85,8.0,10.5689
15.0,9231000.0,138465000.0,2017-07-28,2193,79536768.0,1193051520.0,49,-22784000.0,82744000.0,-22526000.0,267196000.0,184452000.0,133477000.0,0.4262776372118844,21.7,24.13,26.48,31.06,27.2
5.0,1068346.0,5341730.0,2017-09-01,347,13500000.0,67500000.0,100,7616021.0,11475776.0,5249537.0,36809094.0,25333318.0,45550956.0,0.052122144869380584,8.45,9.49,10.27,8.86,8.32
26.0,12770000.0,332020000.0,2017-09-20,2781,67182110.0,1746734860.0,28,35087000.0,284487000.0,17797000.0,411162000.0,126675000.0,353710000.0,-0.025014761293871868,31.78,30.84,32.16,31.89,32.01
4.25,1325000.0,5631250.0,2017-09-21,220,9225000.0,39206250.0,101,1151289.0,7075487.0,1009171.0,24443736.0,17368249.0,13239919.0,0.4984873353647689,6.41,12.75,10.45,10.3,10.87
13.0,8500000.0,110500000.0,2017-09-22,544,8500000.0,110500000.0,102,-4206000.0,57579000.0,-6397000.0,373239000.0,315660000.0,150488000.0,0.3904104485952064,10.0,10.75,10.32,9.37,8.64
18.5,7800000.0,144300000.0,2017-09-27,4434,7800000.0,144300000.0,1,7551000.0,16897000.0,6505000.0,108513000.0,91616000.0,104410000.0,0.3096261073161312,25.9,24.95,28.5,31.14,29.44
14.0,15668000.0,219352000.0,2017-09-28,696,15668000.0,219352000.0,103,-43361000.0,121045000.0,-42758000.0,398649000.0,277604000.0,179078000.0,0.2463350809893171,23.5,26.54,23.56,20.81,20.85
17.5,29000000.0,507500000.0,2017-09-29,2949,135219726.0,2366345205.0,104,81539000.0,254092000.0,-79746000.0,1064177000.0,810085000.0,4259671000.0,1.7365528768884604,17.32,17.64,17.35,17.7,17.65
19.0,46000000.0,874000000.0,2017-11-01,3258,119205298.0,2264900662.0,105,143933086.0,264152521.0,81314569.0,1221762345.0,957609825.0,566319523.0,1.0093769797323366,21.35,21.51,21.5,21.63,21.19
13.0,12000000.0,156000000.0,2017-11-01,2400,21387512.0,278037656.0,18,-176409000.0,18784000.0,-181693000.0,89422000.0,70638000.0,250776000.0,-0.6959769352902978,18.31,17.41,19.37,18.97,19.51
12.0,10416666.0,124999992.0,2017-11-02,472,23337705.0,280052460.0,106,44147000.0,146321000.0,26880000.0,426717000.0,280396000.0,522237000.0,0.5570430860845959,7.07,7.0,7.75,8.2,8.1
18.0,27777777.0,499999986.0,2017-11-02,4000,113282257.0,2039080626.0,107,30189000.0,333065000.0,11639000.0,1137196000.0,804131000.0,1296231000.0,0.0718496162930763,20.88,20.32,20.4,20.26,20.3
5.6,2000000.0,11200000.0,2017-11-03,187,12702546.0,71134257.6,108,3490000.0,13329000.0,1031000.0,27371000.0,14042000.0,44467000.0,-0.12289303339101455,6.05,5.6,5.6,5.6,5.6
13.0,45000000.0,585000000.0,2017-11-09,2315,45000000.0,585000000.0,109,71622000.0,357672000.0,56112000.0,660408000.0,302736000.0,524818000.0,0.1159254008512968,13.5,13.85,13.82,13.0,12.69
20.0,4000000.0,80000000.0,2017-11-10,338,4034840.0,80696800.0,18,15244000.0,66917000.0,22358000.0,152135000.0,85218000.0,69973000.0,0.10401956444437994,21.19,20.3,20.09,20.04,20.0
8.0,22500000.0,180000000.0,2017-11-16,669,22500000.0,180000000.0,44,-26234000.0,41687000.0,-26207000.0,51282000.0,9595000.0,19351000.0,0.9777854911489068,67.2,57.6,59.2,52.8,46.0
12.0,20000000.0,240000000.0,2017-11-17,765,85554305.0,1026651660.0,18,2729000.0,95374000.0,-3173000.0,132412000.0,37038000.0,387410000.0,0.3886069046520408,13.0,13.09,13.57,15.1,15.8
14.0,6498648.0,90981072.0,2017-11-17,5729,74734455.0,1046282370.0,49,70966000.0,489172000.0,77877000.0,628707000.0,139535000.0,1128632000.0,0.17886172764040895,13.0,13.29,13.85,14.22,14.25
5.0,2800000.0,14000000.0,2017-11-29,223,22340000.0,111700000.0,110,8189030.0,14053041.0,4103521.0,32424269.0,18371228.0,62660999.0,0.8651388232408497,10.57,10.1,8.56,11.24,10.0
7.0,1000000.0,7000000.0,2017-11-30,43,9465410.0,66257870.0,1,-1286254.0,7412077.0,-2061983.0,20371826.0,12959749.0,19120378.0,5.0320216268713285,7.98,6.88,7.3241,6.9,7.249
14.0,11000000.0,154000000.0,2018-04-12,933,11000000.0,154000000.0,18,-39033000.0,64846000.0,-39098000.0,113008000.0,48162000.0,120468000.0,0.2258960340189187,20.0,20.6,20.6,19.55,19.56
5.0,1306055.0,6530275.0,2018-04-18,109,21410000.0,107050000.0,109,5714405.0,9079062.0,3899891.0,12427743.0,3348681.0,24746076.0,0.8056118670729523,15.62,15.74,15.66,15.31,16.61
15.0,35000000.0,525000000.0,2018-04-19,1310,302225923.0,4533388845.0,64,31755000.0,87717000.0,7983000.0,550771000.0,463054000.0,1199103000.0,0.2575742699725776,14.45,15.5,16.21,15.53,15.7
16.0,6000000.0,96000000.0,2018-04-26,1071,33621147.0,537938352.0,17,9798000.0,44274000.0,1837000.0,138580000.0,94306000.0,110148000.0,0.3676782630150506,26.95,25.01,24.93,26.87,29.08
22.0,21000000.0,462000000.0,2018-04-26,4212,133166413.0,2929661086.0,18,55400000.0,269500000.0,3300000.0,676200000.0,406700000.0,6729900000.0,0.0846968238691049,84.28,80.95,85.37,85.29,88.06
29.0,21700000.0,629300000.0,2018-04-27,2255,152109033.0,4411161957.0,18,-115817000.0,278982000.0,-115412000.0,381459000.0,102477000.0,499638000.0,0.5229059289926182,39.73,38.63,39.45,39.32,41.96
16.0,6750000.0,108000000.0,2018-05-03,121,20240719.0,323851504.0,22,-16003000.0,22549000.0,-17511000.0,28567000.0,6018000.0,25091000.0,0.739027211298472,24.98,24.47,24.05,24.14,24.05
7.03,6000000.0,42180000.0,2018-05-04,47,32025788.0,225141289.64,3,-39139726.0,0.0,-39891978.0,0.0,0.0,51333722.0,-1.0,5.61,5.48,6.27,6.25,6.25
12.0,11250000.0,135000000.0,2018-05-04,1856,11250000.0,135000000.0,111,43104000.0,90971000.0,26040000.0,568212000.0,477241000.0,328550000.0,0.04769086949867889,12.1,12.05,12.05,12.02,12.0
12.0,15000000.0,180000000.0,2018-05-11,818,15000000.0,180000000.0,44,-14568000.0,39151000.0,-12434000.0,335506000.0,296355000.0,199715000.0,1.925813850057992,16.06,18.38,19.0,22.5,20.0
15.0,20700000.0,310500000.0,2018-05-17,890,59815846.0,897237690.0,44,-82746000.0,116996000.0,-96536000.0,166824000.0,49828000.0,236420000.0,0.26534234418731656,20.0,20.88,20.01,19.95,21.3
16.0,14000000.0,224000000.0,2018-05-23,2000,15141970.0,242271520.0,27,45163000.0,340270000.0,-40242000.0,504750000.0,164480000.0,1508298000.0,0.2040188826418524,19.02,19.5,19.88,19.86,20.57
23.0,38000000.0,874000000.0,2018-05-24,949,51836157.0,1192231611.0,27,145599000.0,236179000.0,138668000.0,325887000.0,89708000.0,462889000.0,0.2350520152350634,23.36,24.77,24.95,25.73,26.77
5.25,2000000.0,10500000.0,2018-05-24,1606,13290000.0,69772500.0,18,1605093.0,12692164.0,2047445.0,31361976.0,18669812.0,13521923.0,0.08054657051786272,4.27,3.82,4.17,3.96,4.44
12.0,7352941.0,88235292.0,2018-06-14,3411,29946471.0,359357652.0,112,32495000.0,84160000.0,12788000.0,430369000.0,346209000.0,377651000.0,0.6236173359288937,12.0,11.7,11.39,10.94,10.95
16.0,18056000.0,288896000.0,2018-06-14,9288,32191905.0,515070480.0,94,28608000.0,727287000.0,-4060000.0,1555385000.0,828098000.0,820571000.0,0.07178861704583432,16.68,16.62,16.1,15.11,15.79
17.0,7200000.0,122400000.0,2018-06-15,8431,7200000.0,122400000.0,1,-49056000.0,74972000.0,-61012000.0,196954000.0,121981000.0,308414000.0,2.116558010000633,21.0,28.8,30.0,26.11,21.36
24.0,7500000.0,180000000.0,2018-06-15,1495,64981383.0,1559553192.0,18,-63332000.0,155182000.0,-64126000.0,213159000.0,57977000.0,178812000.0,0.27315351259660986,44.94,44.11,45.99,45.01,51.04
13.0,6650000.0,86450000.0,2018-06-21,326,8094403.0,105227239.0,27,7600000.0,233773000.0,902000.0,262571000.0,28798000.0,139991000.0,0.3151960489671615,18.35,17.25,15.82,15.51,14.52
15.0,5700000.0,85500000.0,2018-06-21,55,19735651.0,296034765.0,3,-26629000.0,1552000.0,-26554000.0,1556000.0,4000.0,44998000.0,0.4474418604651163,20.22,18.8,19.1,19.79,19.94
15.0,5200000.0,78000000.0,2018-06-22,64,28428095.0,426421425.0,29,-25644590.0,292925.0,-35792422.0,811457.0,518532.0,39232656.0,2.1929778309422443,2.02,1.97,2.12,2.13,2.14
5.0,2520000.0,12600000.0,2018-06-27,26,10466876.0,52334380.0,113,-4066950.0,311326.0,-4271732.0,3223874.0,2912548.0,633725.0,5.254642177414505,5.1,4.91,5.05,4.97,4.99
9.0,25000000.0,225000000.0,2018-06-27,12461,25000000.0,225000000.0,27,-59619000.0,33231000.0,-418089000.0,47471000.0,14241000.0,813715000.0,-0.5998803121997269,1.07,1.14,1.12,1.14,1.2
16.0,3500000.0,56000000.0,2018-06-27,441,12926921.0,206830736.0,114,-6170891.0,41697229.0,-6874448.0,76343441.0,34646212.0,20720020.0,0.029645424926735144,23.99,21.33,20.75,20.44,20.59
17.0,37500000.0,637500000.0,2018-06-28,26520,126307859.0,2147233603.0,12,216019000.0,2127520000.0,44224000.0,12350537000.0,10223017000.0,3232219000.0,-0.009385642876352721,22.0,23.65,23.53,24.91,23.75
17.0,5500000.0,93500000.0,2018-06-28,167,16745558.0,284674486.0,22,-13608000.0,30801000.0,-16059000.0,40433000.0,9632000.0,38938000.0,0.1812843286198434,27.78,26.61,26.41,26.96,25.88
22.0,21300000.0,468600000.0,2018-06-28,19000,99180817.0,2181977974.0,115,34900000.0,596200000.0,-37500000.0,2225900000.0,1629700000.0,2858620000.0,0.018577752640138525,21.4,21.95,22.2,22.65,22.25
17.0,9000000.0,153000000.0,2018-07-19,330,75127375.0,1277165375.0,116,-7498000.0,11377000.0,-7809000.0,20538000.0,9161000.0,53948000.0,0.6243277443846884,22.39,29.77,29.45,25.36,26.49
15.0,18000000.0,270000000.0,2018-07-25,1409,18000000.0,270000000.0,64,-155072000.0,-16311000.0,-276362000.0,365623000.0,381934000.0,1220987000.0,0.7532511748345642,25.0,21.01,22.6,23.85,23.05
15.0,4500000.0,67500000.0,2018-07-25,195,24500000.0,367500000.0,3,-113000.0,47098000.0,-8943000.0,66918000.0,19820000.0,43116000.0,0.2922274789997104,16.05,15.85,15.18,15.06,15.04
8.5,9060000.0,77010000.0,2018-07-26,554,9060000.0,77010000.0,44,-14192000.0,10955000.0,-13865000.0,43721000.0,32766000.0,55198000.0,3.320683862041704,8.8,8.5,8.0,7.65,7.18
11.0,4545455.0,50000005.0,2018-07-26,60,15114802.0,166262822.0,117,-28028286.0,6938364.0,-29154240.0,7258123.0,319759.0,14843602.0,-0.4508489792947546,11.1,10.99,11.0,10.96,11.0
23.0,10900000.0,250700000.0,2018-07-26,1054,91079454.0,2094827442.0,18,-40760000.0,162139000.0,-41022000.0,187727000.0,25588000.0,164337000.0,0.5094113579532206,30.25,30.5,29.72,29.9,29.85
14.0,13043479.0,182608706.0,2018-07-26,278,81336762.0,1138714668.0,35,65158000.0,245041000.0,-524032000.0,466401000.0,221360000.0,1546402000.0,0.09285754454369076,13.25,13.29,13.8,13.75,13.61
11.0,4000000.0,44000000.0,2018-07-26,2940,4000000.0,44000000.0,18,72177515.0,102295730.0,52366371.0,161579195.0,59283465.0,306644284.0,1.5856466515581022,12.52,12.08,10.79,10.75,11.0
5.0,2400000.0,12000000.0,2018-07-27,49,14764450.0,73822250.0,17,-6841521.0,-158808.0,-25652213.0,1112726.0,1271534.0,1456913.0,-0.1259801761508994,93.994,88.25200000000001,95.0,90.0,94.2
20.0,6340000.0,126800000.0,2018-07-27,4700,11043980.0,220879600.0,109,29950000.0,65737000.0,21864000.0,207012000.0,141274000.0,138185000.0,0.34152458347104225,86.74,80.65,88.05,86.91,89.75
15.0,13888888.0,208333320.0,2018-08-02,1478,98384619.0,1475769285.0,118,-15609000.0,456065000.0,-14217000.0,992526000.0,536461000.0,400020000.0,0.10123557058596402,19.91,20.95,19.35,19.15,18.14
17.0,45000000.0,765000000.0,2018-08-02,48000,208421971.0,3543173507.0,56,-171100000.0,1284100000.0,-221300000.0,6923900000.0,5639800000.0,5793400000.0,0.11393728783564201,15.72,16.53,16.42,16.77,17.19
16.0,10215000.0,163440000.0,2018-08-03,319,72715000.0,1163440000.0,118,5731000.0,91234000.0,6549000.0,370658000.0,279424000.0,269820000.0,1.0078546510368145,22.1,20.9,19.95,20.83,19.15
12.0,3333334.0,40000008.0,2018-08-09,44,11475049.0,137700588.0,3,-21104000.0,-70000.0,-18722000.0,90000.0,160000.0,5575000.0,-0.7151898734177216,11.38,11.5,11.37,11.5,11.64
12.0,9630000.0,115560000.0,2018-08-10,3229,34131142.0,409573704.0,119,100294000.0,200338000.0,32828000.0,643576000.0,443238000.0,1357649000.0,0.0948223654216482,11.75,11.5,11.65,11.64,11.7
14.35,510438.0,7324785.0,2018-08-17,33,1365375.0,19593131.25,18,-7296000.0,513000.0,-5313000.0,1096000.0,583000.0,5927000.0,0.3001186239620403,220.0,239.8,255.0,251.0,233.2
15.0,12476693.0,187150395.0,2018-10-03,395,104079498.0,1561192470.0,6,-3123000.0,137109000.0,-4123000.0,202552000.0,65443000.0,275189000.0,0.231730973881845,44.25,42.17,45.64,46.08,49.18
19.0,12500000.0,237500000.0,2018-10-04,348,83557281.0,1587588339.0,61,-76612000.0,18224000.0,-83221000.0,49842000.0,31618000.0,342938000.0,0.9740187730207136,32.2,29.2,29.55,31.51,30.92
17.0,20000000.0,340000000.0,2018-10-11,750,143000000.0,2431000000.0,104,100500000.0,147800000.0,41500000.0,347400000.0,199600000.0,496200000.0,0.3154108292313518,16.97,16.25,16.0,16.05,16.4
17.0,15500000.0,263500000.0,2018-10-12,1102,121643546.0,2067940282.0,18,-38935000.0,81092000.0,-40194000.0,120499000.0,39407000.0,174941000.0,0.6847116392869625,24.3,24.3,23.02,25.43,24.5
15.0,7200000.0,108000000.0,2018-10-17,168,22995538.0,344933070.0,22,-17350000.0,42871000.0,-23039000.0,47983000.0,5112000.0,35834000.0,0.13971164580413767,20.06,21.0,20.35,20.2,19.5
12.5,28750000.0,359375000.0,2018-10-18,4400,56142004.0,701775050.0,10,80450000.0,409567000.0,-76437000.0,539814000.0,130247000.0,2927567000.0,0.2715537852359427,15.5,16.59,18.25,18.25,16.83
9.0,7000000.0,63000000.0,2018-10-19,348,7000000.0,63000000.0,25,-21779094.0,8399613.0,-28357320.0,118146192.0,109746578.0,77339001.0,1.314074695097856,8.65,8.3,7.7,7.2,6.56
15.0,25000000.0,375000000.0,2018-10-19,2540,309942149.0,4649132235.0,18,69654000.0,496286000.0,-83866000.0,728017000.0,231731000.0,5327064000.0,0.5508828961635717,16.13,16.19,16.62,16.53,16.88
24.0,50724638.0,1217391312.0,2018-10-25,3171,120047478.0,2881139472.0,6,42730000.0,163549000.0,-31645000.0,231111000.0,67562000.0,2000465000.0,0.7098435245810676,31.35,31.09,29.06,28.68,28.69
18.0,16000000.0,288000000.0,2018-10-25,565,83647425.0,1505653650.0,120,63967000.0,294601000.0,15401000.0,639239000.0,344638000.0,516427000.0,-0.21940643339837884,17.0,16.45,15.41,15.26,15.93
14.0,5000000.0,70000000.0,2018-10-31,221,26609991.0,372539874.0,117,-58482000.0,-13253000.0,-59310000.0,10767000.0,24020000.0,85657000.0,3.745262230057294,117.55,105.48,125.03,126.44,145.34
14.0,4000000.0,56000000.0,2018-11-14,298,16732925.0,234260950.0,22,-28570000.0,13240000.0,-31005000.0,35597000.0,22357000.0,60235000.0,0.1817608392537016,16.0,17.59,16.96,17.14,15.98
7.8,2600000.0,20280000.0,2018-11-20,679,2600000.0,20280000.0,27,-11017000.0,29933000.0,-13924000.0,43100000.0,13167000.0,17327000.0,1.5522591342452774,31.32,31.24,30.64,28.0,26.8
13.0,82000000.0,1066000000.0,2018-12-12,2559,84457323.0,1097945199.0,71,211000000.0,585000000.0,203000000.0,1686000000.0,1101000000.0,4607000000.0,1.6847133757961783,26.15,25.32,26.69,27.35,27.78
12.0,4000000.0,48000000.0,2018-12-14,800,24000000.0,288000000.0,121,28095000.0,46238000.0,26348000.0,128736000.0,82498000.0,208335000.0,0.16455742005518115,12.03,12.15,12.04,12.0,12.0
6.0,2000000.0,12000000.0,2018-12-27,97,12000000.0,72000000.0,34,1173131.0,6567460.0,957222.0,6649536.0,82076.0,1820193.0,-0.5403950127789471,5.95,5.8,6.0,6.0,5.99
4.0,2546275.0,10185100.0,2019-01-04,105,23750000.0,95000000.0,3,1632266.0,3401495.0,1187581.0,7019243.0,3617748.0,7657894.0,0.4379207063041596,22.96,24.44,26.04,47.8,31.0
14.0,20000000.0,280000000.0,2019-01-31,147,20000000.0,280000000.0,122,-58488000.0,6970000.0,-78076000.0,112301000.0,105331000.0,699402000.0,0.15462359400382472,13.07,13.95,13.99,13.98,14.0
17.0,5700000.0,96900000.0,2019-03-07,162,26906762.0,457414954.0,22,-41200000.0,5013000.0,-41102000.0,12263000.0,7250000.0,53421000.0,6.133798720186155,30.5,31.61,31.43,30.0,30.01
17.0,36666667.0,623333339.0,2019-03-21,14400,36666667.0,623333339.0,123,540411000.0,2997975000.0,283142000.0,5575440000.0,2577465000.0,3542660000.0,0.1369098476151247,22.41,22.12,21.77,22.08,22.3
72.0,32500000.0,2340000000.0,2019-03-29,4791,273097591.0,19663026552.0,27,-977711000.0,913216000.0,-911335000.0,2156616000.0,1243400000.0,3760043000.0,1.0347718281580671,78.29,69.01,68.97,70.0,72.0
6.0,4292276.0,25753656.0,2019-03-29,298,6666668.0,40000008.0,34,9493000.0,20676000.0,9750000.0,25027000.0,4351000.0,34091000.0,0.08978880905726105,6.8,6.5,6.45,6.62,6.49
13.8,13000000.0,179400000.0,2019-05-02,862,13000000.0,179400000.0,6,7157000.0,76564000.0,8023000.0,89900000.0,13336000.0,195251000.0,1.257659467604219,18.2,20.77,20.27,20.03,19.0
25.0,9625000.0,240625000.0,2019-05-02,383,58308044.0,1457701100.0,101,-27989000.0,17574000.0,-29886000.0,87934000.0,70360000.0,133749000.0,1.6989349620944725,65.75,66.79,74.79,79.17,72.25
11.0,11000000.0,121000000.0,2019-05-03,1013,11000000.0,121000000.0,102,-14478000.0,336255000.0,-8694000.0,1895688000.0,1559433000.0,570779000.0,0.9156703574990728,14.15,13.37,12.81,13.24,12.53
16.0,22000000.0,352000000.0,2019-05-03,390,22000000.0,352000000.0,6,46400000.0,255800000.0,39000000.0,416200000.0,160400000.0,194900000.0,0.15163254012174876,15.25,14.82,15.01,15.33,15.51
5.0,2074672.0,10373360.0,2019-05-03,25,39000000.0,195000000.0,124,2727679.0,5307891.0,1946883.0,5307891.0,0.0,3746754.0,0.4600685872225971,1.09,1.16,1.25,1.3,1.27
27.0,18518500.0,499999500.0,2019-05-08,15633,96657331.0,2609747937.0,125,168093000.0,765503000.0,222337000.0,3560508000.0,2795005000.0,2612578000.0,0.18014418906659604,30.07,30.1,31.01,31.06,31.75
13.5,16304348.0,220108698.0,2019-05-09,683,50000000.0,675000000.0,126,30254000.0,38703000.0,14888000.0,88187000.0,49484000.0,192285000.0,0.07279539676167536,15.75,16.75,15.54,16.0,15.85
17.0,6250000.0,106250000.0,2019-05-09,3100,19693484.0,334789228.0,127,22169000.0,50578000.0,17935000.0,354526000.0,303948000.0,391725000.0,0.1314743833198758,16.47,16.5,16.05,16.69,17.15
45.0,180000000.0,8100000000.0,2019-05-10,22263,1682521965.0,75713488425.0,27,-3033000000.0,4131000000.0,997000000.0,10433000000.0,6302000000.0,23988000000.0,0.31530509329299045,41.57,37.1,39.96,41.29,43.0
11.0,3571429.0,39285719.0,2019-05-10,321,19509722.0,214606942.0,24,5394000.0,48089000.0,1277000.0,135665000.0,87576000.0,67345000.0,1.2981992512408735,10.99,11.02,11.03,11.12,11.05
16.0,11250000.0,180000000.0,2019-05-17,489,11250000.0,180000000.0,18,-29138000.0,79064000.0,-30935000.0,144563000.0,65499000.0,162754000.0,0.3781029551954242,23.99,24.25,22.66,22.52,22.5
14.0,207000000.0,2898000000.0,2019-05-17,12000,534293808.0,7480113312.0,128,413500000.0,1819800000.0,-86900000.0,5864300000.0,4044500000.0,9911600000.0,3.7012185345518684,14.5,15.41,16.7,17.3,17.4
11.5,67387110.0,774951765.0,2019-07-17,2080,324623680.0,3733172320.0,44,-125132177.0,21997305.0,-127631535.0,532266648.0,510269343.0,945985365.0,0.838091508138837,11.5,11.05,10.5,10.05,10.38
19.0,13744210.0,261139990.0,2019-07-19,2705,29753059.0,565308121.0,1,24885000.0,42800000.0,24443000.0,86160000.0,43360000.0,236965000.0,0.3230958230958231,24.09,23.56,24.52,27.45,27.66
16.0,4000000.0,64000000.0,2019-07-25,96,16049008.0,256784128.0,61,-3836000.0,17489000.0,-6367000.0,22786000.0,5297000.0,22405000.0,0.656692292345625,21.4,22.99,23.99,22.81,19.65
12.0,14000000.0,168000000.0,2019-07-25,299,83115618.0,997387416.0,74,-13730000.0,53630000.0,-74246000.0,104382000.0,50752000.0,1665085000.0,0.3581503070677631,36.69,35.01,39.31,37.29,42.87
26.0,7000000.0,182000000.0,2019-07-25,728,35078173.0,912032498.0,44,-60095000.0,52722000.0,-61984000.0,112574000.0,59852000.0,110975000.0,0.5404003776631409,39.17,38.3,41.42,43.37,44.25
4.0,2000000.0,8000000.0,2019-07-26,107,35000000.0,140000000.0,106,8317465.0,12422502.0,7919408.0,18531178.0,6108676.0,35470864.0,0.3100966327495985,4.58,4.31,3.97,3.82,3.7
9.3,5000000.0,46500000.0,2019-07-31,664,110068351.0,1023635664.3,76,-188300000.0,-15200000.0,-190500000.0,164900000.0,180100000.0,2913700000.0,1648.0,9.77,9.38,8.89,8.01,7.58
16.0,35609612.0,569753792.0,2019-08-01,1981,275537939.0,4408607024.0,18,-21759000.0,301513000.0,9222000.0,398047000.0,96534000.0,1899002000.0,-0.020498207329647102,23.85,26.07,23.74,24.52,26.15
14.0,2900000.0,40600000.0,2019-08-01,1203,6900000.0,96600000.0,45,1863000.0,8115000.0,1742000.0,51744000.0,43629000.0,32069000.0,0.3890633808488363,19.61,24.4,23.0,21.96,21.33
14.0,5000000.0,70000000.0,2019-08-08,209,31973572.0,447630008.0,29,23489000.0,85105000.0,22371000.0,100162000.0,15057000.0,81056000.0,0.8737279257707273,13.57,14.02,13.75,14.0,16.25
13.0,6000000.0,78000000.0,2019-11-01,1655,6000000.0,78000000.0,56,10105000.0,69422000.0,15152000.0,332408000.0,262987000.0,419372000.0,0.2035657129615549,13.0,13.01,13.0,13.0,13.0
17.0,2700000.0,45900000.0,2019-11-05,1222,2700000.0,45900000.0,90,-61976000.0,-1166000.0,-72648000.0,129340000.0,130506000.0,258902000.0,0.6436232399735679,17.64,18.075,19.0,19.05,18.38
14.0,4000000.0,56000000.0,2019-11-07,400,19861340.0,278058760.0,61,-12124000.0,23477000.0,-12961000.0,46273000.0,22796000.0,87650000.0,0.21601450608362024,12.49,12.99,13.92,13.76,14.6
14.5,1380000.0,20010000.0,2019-11-08,478,33651033.0,487939978.5,27,6641000.0,23126000.0,5902000.0,43563000.0,20437000.0,60507000.0,1.3541205079708187,13.06,10.74,8.92,9.21,9.2
13.0,4000000.0,52000000.0,2019-11-08,86,11006756.0,143087828.0,22,-17782000.0,2942000.0,-21092000.0,8274000.0,5332000.0,27227000.0,0.9491166077738517,13.35,12.85,12.85,12.5,12.68
10.0,4375000.0,43750000.0,2019-11-08,639,15591775.0,155917750.0,40,7564843.0,58861574.0,6123990.0,199015036.0,140153462.0,117772408.0,1.0258546503731174,10.1,10.0,9.98,9.95,9.85
4.0,2625000.0,10500000.0,2019-11-13,21,29427976.0,117711904.0,6,-8549680.0,915081.0,-13189122.0,3289478.0,2374397.0,5573053.0,12.956799185370611,3.55,3.95,3.6,3.34,2.89
13.0,4300000.0,55900000.0,2019-11-21,135,14300000.0,185900000.0,17,-7790000.0,36205000.0,-9342000.0,85214000.0,49009000.0,72689000.0,-0.15683965764606936,96.42,93.86,102.47,99.92,108.37
9.0,10000000.0,90000000.0,2019-11-21,297,10000000.0,90000000.0,17,19375000.0,74008000.0,17832000.0,394030000.0,320022000.0,204305000.0,0.9615876698212305,8.99,8.98,8.29,8.19,8.25
5.0,2300000.0,11500000.0,2019-12-05,11,8301639.0,41508195.0,97,-6458916.0,-1956989.0,-6490293.0,16610786.0,18567775.0,14216571.0,3.4189010412523864,5.36,5.75,7.93,13.92,15.38
12.5,3200000.0,40000000.0,2019-12-12,233,3200000.0,40000000.0,129,-10829000.0,4915000.0,-11523000.0,9684000.0,4769000.0,18159000.0,0.9897267310458188,34.67,35.21,46.15,44.4,51.3
10.0,31200000.0,312000000.0,2019-12-13,2695,31200000.0,312000000.0,44,-162309000.0,56604000.0,-173367000.0,205877000.0,149273000.0,1366592000.0,1.303905550581916,10.0,9.75,9.84,9.87,9.88
17.0,8823530.0,150000010.0,2019-12-13,610,38080466.0,647367922.0,18,-20772000.0,57819000.0,-20934000.0,78813000.0,20994000.0,71845000.0,0.7586299230168471,16.6,16.75,16.78,16.56,16.02
11.0,1363637.0,15000007.0,2019-12-19,31,7363637.0,81000007.0,35,143384.0,3315988.0,145723.0,5856341.0,2540353.0,9877486.0,0.5811598601014194,8.0,7.65,7.66,8.1,7.89
5.38,11500000.0,61870000.0,2019-12-30,505,11500000.0,61870000.0,27,-34343000.0,11677000.0,-37089000.0,1318622000.0,1306946000.0,54124000.0,1.0435641047894169,5.46,4.78,4.37,4.35,4.51
27.0,60000000.0,1620000000.0,2020-02-06,23000,339425107.0,9164477889.0,87,417205000.0,1622125000.0,47821000.0,4031017000.0,2408892000.0,5556246000.0,0.07523291057732909,30.0,30.92,31.89,32.87,32.25
12.0,8350000.0,100200000.0,2020-02-06,831,39672912.0,476074944.0,130,-88746000.0,215411000.0,-93040000.0,439258000.0,223847000.0,230318000.0,0.22735134440374305,13.5,11.05,9.99,9.92,10.39
17.0,11882352.0,201999984.0,2020-02-06,394,48283005.0,820811085.0,3,-38715000.0,49093000.0,-24571000.0,85543000.0,36450000.0,155270000.0,0.2836777262563964,28.64,31.92,28.94,26.79,27.13
12.0,4615385.0,55384620.0,2020-02-07,1102,5395598.0,64747176.0,131,53292000.0,172126000.0,35657000.0,767624000.0,595498000.0,504755000.0,0.2734200943920505,36.42,38.34,40.16,40.25,41.56
4.0,3000000.0,12000000.0,2020-02-24,90,19102420.0,76409680.0,1,3642144.0,10226936.0,4046670.0,14882763.0,4655827.0,17737552.0,0.15676304828200502,4.0,4.03,4.13,3.9,3.91
6.0,1333333.0,7999998.0,2020-05-08,98,6333333.0,37999998.0,1,518660.0,1895116.0,437904.0,5255810.0,3360694.0,6853140.0,0.09291279899970742,4.9,4.01,3.775,3.88,4.1101
17.0,30000000.0,510000000.0,2020-05-08,1841,205264433.0,3489495361.0,18,-164166000.0,1107000.0,-159524000.0,567976000.0,566870000.0,865932000.0,0.7580042094837192,23.84,25.97,24.36,24.04,22.49
20.0,28500000.0,570000000.0,2020-05-21,1800,161817264.0,3236345280.0,132,96288000.0,233048000.0,72579000.0,337469000.0,104421000.0,406940000.0,0.444100681250214,27.0,26.5,26.92,27.48,28.45
19.0,8202565.0,155848735.0,2020-05-22,240,46950400.0,892057600.0,22,801000.0,45218000.0,-1192000.0,51129000.0,5911000.0,44546000.0,6.487040562307805,42.51,45.1,43.0,42.75,44.0
25.0,77000000.0,1925000000.0,2020-06-03,5400,77000000.0,1925000000.0,133,356000000.0,2074000000.0,256000000.0,4475000000.0,2401000000.0,6017000000.0,0.11735330836454433,30.12,30.0,29.94,31.0,32.0
21.0,44500000.0,934500000.0,2020-06-04,1287,45378984.0,952958664.0,18,36100000.0,224700000.0,-78000000.0,293300000.0,68600000.0,1561900000.0,1.0325710325710329,34.0,38.89,44.69,50.0,50.3
23.0,15000000.0,345000000.0,2020-06-05,738,21074996.0,484724908.0,27,-4400000.0,173400000.0,-56600000.0,731400000.0,558000000.0,784000000.0,0.3046735640385301,33.54,35.15,35.51,35.45,31.75
16.0,20000000.0,320000000.0,2020-06-05,2149,20000000.0,320000000.0,44,-251191000.0,36439000.0,-239715000.0,444994000.0,408555000.0,615317000.0,0.5895765239600635,15.99,17.0,16.04,15.25,14.75
22.0,21250000.0,467500000.0,2020-06-09,800,115237090.0,2535215980.0,97,-133148000.0,57859000.0,-142978000.0,1191821000.0,1133962000.0,563387000.0,0.3932436239594401,47.9,49.99,45.6,43.03,43.0
18.0,2010000.0,36180000.0,2020-06-10,777,2010000.0,36180000.0,16,5509000.0,64918000.0,5207000.0,158381000.0,93463000.0,90097000.0,0.25302415367210185,17.24,17.17,16.53,17.14,17.99
16.5,13500000.0,222750000.0,2020-06-12,753,13500000.0,222750000.0,61,-24275000.0,39240000.0,-24284000.0,54794000.0,15554000.0,121676000.0,0.8011307606337519,24.63,23.21,24.35,24.39,26.59
23.0,33250000.0,764750000.0,2020-06-12,1540,111043031.0,2553989713.0,48,60549000.0,253197000.0,-20196000.0,794203000.0,541006000.0,1788263000.0,0.16485358716935195,27.15,29.5,29.7,29.5,30.23
15.0,6666667.0,100000005.0,2020-06-19,674,45163795.0,677456925.0,61,-140119000.0,43493000.0,-148037000.0,143985000.0,100492000.0,101727000.0,0.1251113507431197,13.12,11.97,11.3,11.52,10.5
16.0,16000000.0,256000000.0,2020-06-19,697,88362020.0,1413792320.0,61,-44054000.0,20815000.0,-97052000.0,46431000.0,25616000.0,82333000.0,0.4157087538494375,16.0,15.64,14.36,12.48,13.44
16.0,50000000.0,800000000.0,2020-06-26,270000,479026753.0,7664428048.0,46,622300000.0,16894600000.0,131100000.0,60534500000.0,43639900000.0,20776600000.0,0.010177790089545865,15.45,15.57,15.77,15.76,15.81
20.0,17500000.0,350000000.0,2020-06-26,498,17500000.0,350000000.0,18,-6088945.0,44011226.0,-6177438.0,64428690.0,20417464.0,131159121.0,0.4757944404458451,57.64,52.37,59.6,59.03,63.78
5.23,19264337.0,100752483.0,2020-06-26,240,84409554.0,441461967.42,17,-50647821.0,-30563733.0,-42403369.0,109060066.0,139623799.0,82611046.0,-0.6581637002021237,5.0,4.5,4.73,3.97,4.37
16.0,5300000.0,84800000.0,2020-07-08,488,5300000.0,84800000.0,6,-8735812.0,30531997.0,-7598591.0,108946395.0,78414398.0,67024944.0,0.4921314136433205,23.43,25.99,24.5,19.82,17.53
10.0,3300000.0,33000000.0,2020-07-10,551,3300000.0,33000000.0,27,-1788000.0,23296000.0,-1689000.0,295130000.0,271834000.0,106794000.0,0.37423170050288695,12.77,12.41,11.59,11.3,10.58
31.0,8060000.0,249860000.0,2020-07-14,934,89643127.0,2778936937.0,18,-23216000.0,45083000.0,-22306000.0,91534000.0,46451000.0,119966000.0,0.574318048914726,91.59,72.34,68.24,74.0,74.1
21.0,43500000.0,913500000.0,2020-07-15,1857,80816989.0,1697156769.0,132,-32777000.0,369948000.0,-41068000.0,539501000.0,169553000.0,1602295000.0,1.3850091730952012,19.46,19.75,21.3,20.99,20.9
19.0,8500000.0,161500000.0,2020-07-17,15,35211553.0,669019507.0,3,-19183000.0,436000.0,-19243000.0,4796000.0,4360000.0,10676000.0,1.3202709240445092,68.62,69.59,73.54,74.39,76.33
22.0,8100000.0,178200000.0,2020-07-17,210,61643919.0,1356166218.0,128,-16537000.0,43476000.0,-18302000.0,56693000.0,13217000.0,131009000.0,0.8113358254257325,65.45,62.1,58.5,56.0,58.1
15.0,10000000.0,150000000.0,2020-07-23,1730,20912422.0,313686330.0,124,-8945000.0,69871000.0,-23557000.0,233854000.0,163983000.0,331838000.0,0.2386006726516777,22.0,22.39,21.75,21.48,22.28
5.0,3000000.0,15000000.0,2020-07-23,44,12000000.0,60000000.0,1,11479165.0,15210281.0,8675058.0,24668840.0,9458559.0,43537673.0,0.6544561790942154,4.75,4.46,3.81,4.45,4.2902
19.0,21150000.0,401850000.0,2020-07-29,1100,22576819.0,428959561.0,18,31855000.0,211122000.0,31057000.0,321500000.0,110378000.0,264623000.0,0.1802366346919821,23.93,24.2,23.56,23.5,24.67
19.0,18575492.0,352934348.0,2020-07-31,1956,18575492.0,352934348.0,1,20497000.0,134893000.0,-15091000.0,246025000.0,111132000.0,1533247000.0,2.8704475733501136,18.85,19.0,18.02,17.5,17.53
22.0,9303977.0,204687494.0,2020-07-31,158,39175767.0,861866874.0,101,3350000.0,42877000.0,2385000.0,140733000.0,97856000.0,61948000.0,0.31879902167495994,35.26,37.61,38.52,40.24,41.5
9.0,1111200.0,10000800.0,2020-07-31,67,5861200.0,52750800.0,62,-5181031.0,8014042.0,-5603136.0,47615013.0,39600971.0,13906863.0,-0.15438220457640447,8.9,9.0,8.2,8.74,8.6
10.0,3430000.0,34300000.0,2020-07-31,22,13653168.0,136531680.0,49,-3990588.0,5949044.0,-4092297.0,111205854.0,105256810.0,2490033.0,0.4385233238457021,10.03,10.0,8.8,9.75,9.69
24.0,9019565.0,216469560.0,2020-08-05,690,60792991.0,1459031784.0,18,-40987000.0,85080000.0,-42590000.0,112103000.0,27023000.0,56064000.0,0.2202749627178421,72.27,93.51,79.0,76.72,72.57
21.0,33500000.0,703500000.0,2020-08-05,6800,199057382.0,4180205022.0,44,101600000.0,1011200000.0,-102300000.0,2438100000.0,1426900000.0,6272400000.0,-0.0059931506849315065,16.39,15.8,15.4,15.89,15.81
21.0,15625000.0,328125000.0,2020-08-06,2300,238535856.0,5009252976.0,134,-103876000.0,415751000.0,-107862000.0,556604000.0,140853000.0,301822000.0,0.7506683693047073,40.0,39.0,44.0,44.57,44.25
18.0,8823529.0,158823522.0,2020-08-06,224,26107305.0,469931490.0,22,-72569000.0,-6407000.0,-97039000.0,2836000.0,9243000.0,105455000.0,0.30932594644506,26.5,26.79,28.0,24.91,24.85
20.0,106000000.0,2120000000.0,2020-08-13,87706,106000000.0,2120000000.0,49,-256333000.0,1617647000.0,-313471000.0,6605927000.0,4988280000.0,8597122000.0,0.5832409006981101,37.44,33.0,38.72,40.5,42.37
18.0,12500000.0,225000000.0,2020-08-13,15,24297645.0,437357610.0,30,-2791000.0,19153000.0,-8044000.0,20318000.0,1165000.0,433922000.0,-0.14730569078395164,17.75,18.0,18.25,18.26,18.05
27.0,15000000.0,405000000.0,2020-08-14,1355,128437830.0,3467821410.0,18,-14151000.0,99095000.0,-16896000.0,171273000.0,72178000.0,467277000.0,0.07267534712436352,40.0,38.84,39.59,41.25,41.93
15.0,99733334.0,1496000010.0,2020-08-27,3676,99733334.0,1496000010.0,25,-542741000.0,-80127000.0,-530610000.0,333236000.0,413363000.0,1328131000.0,234.6690240452617,21.22,22.79,20.5,21.61,21.09
6.0,1766700.0,10600200.0,2020-08-28,40,5363043.0,32178258.0,52,-158400.0,3308400.0,235600.0,30953500.0,27645100.0,31762300.0,4.401724168019126,7.5,7.15,6.86,6.5,6.09
5.0,1000000.0,5000000.0,2020-08-31,26,6393129.0,31965645.0,135,3319990.0,3319990.0,4717792.0,9329720.0,6009730.0,4769387.0,0.23467069960420536,11.6,8.6,7.25,6.35,5.7
27.0,8951111.0,241679997.0,2020-09-15,273,40985628.0,1106611956.0,29,-70307000.0,-17802000.0,-68299000.0,15078000.0,32880000.0,88366000.0,6.512705530642752,60.68,60.03,58.02,60.01,55.0
44.0,11568218.0,509001592.0,2020-09-16,590,88675175.0,3901707700.0,18,-6937000.0,84681000.0,-5394000.0,104716000.0,20035000.0,238040000.0,0.6482402568784235,64.79,64.46,64.78,67.0,77.71
14.0,41026000.0,574364000.0,2020-09-17,15033,175434000.0,2456076000.0,136,290000000.0,847000000.0,91000000.0,5191000000.0,4344000000.0,16175000000.0,-0.022042200452147703,10.93,11.86,12.52,12.5,12.83
22.0,14800000.0,325600000.0,2020-09-17,710,98689892.0,2171177624.0,18,-48173000.0,74632000.0,-47789000.0,103642000.0,29010000.0,113565000.0,0.5280120304299111,26.88,25.05,23.64,24.95,23.74
17.0,33500000.0,569500000.0,2020-09-17,73,33500000.0,569500000.0,30,134980000.0,252706000.0,79394000.0,298815000.0,46109000.0,3917858000.0,0.2582796794663949,16.3,16.75,16.45,16.26,16.36
18.0,41222222.0,741999996.0,2020-09-17,686,193705145.0,3486692610.0,27,-94704000.0,68881000.0,-87190000.0,148857000.0,79976000.0,499881000.0,0.30627879426089244,23.07,23.02,22.8,24.7,28.5
52.0,25000000.0,1300000000.0,2020-09-18,3379,263366733.0,13695070116.0,18,-150669000.0,423182000.0,-163190000.0,541779000.0,118597000.0,762860000.0,0.4229071187509028,68.35,72.96,84.82,81.85,83.2
33.0,34615384.0,1142307672.0,2020-09-23,338,37645687.0,1242307671.0,6,139676000.0,374208000.0,66048000.0,388224000.0,14016000.0,386796000.0,0.5558708250174333,50.5,46.7,52.04,56.79,56.0
22.0,10750000.0,236500000.0,2020-09-23,4010,249632970.0,5491925340.0,18,141865000.0,592504000.0,103096000.0,736654000.0,144150000.0,994599000.0,0.0649752063726128,33.49,32.0,34.79,32.12,30.02
22.0,2650000.0,58300000.0,2020-09-23,115,8375970.0,184271340.0,101,-8751971.0,5084634.0,-8503948.0,13103728.0,8019094.0,16402185.0,0.5804605478512938,40.8,37.5,45.0,46.5,44.07
17.0,14968859.0,254470603.0,2020-11-19,808,62400000.0,1060800000.0,125,5025000.0,52344000.0,-6401000.0,159218000.0,106874000.0,77692000.0,0.15361987015998144,20.29,19.06,20.39,20.1,20.06
10.5,58750000.0,616875000.0,2020-11-19,3355,58750000.0,616875000.0,88,20638000.0,276736000.0,10055000.0,435156000.0,158420000.0,288602000.0,3.7026098233100986,18.4,20.03,18.24,17.15,16.86
27.0,60000000.0,1620000000.0,2020-11-20,390,88965664.0,2402072928.0,3,23988000.0,76291000.0,-4470000.0,143140000.0,66849000.0,577796000.0,0.15591159060993434,29.85,29.0,26.29,26.96,29.16
23.0,46600000.0,1071800000.0,2020-11-20,2900,277431755.0,6380930365.0,137,183597000.0,395431000.0,-20850000.0,778327000.0,382896000.0,2580674000.0,0.04312543473220496,25.1,27.95,27.0,26.76,27.97
10.0,2400000.0,24000000.0,2020-11-24,14,7577677.0,75776770.0,82,333700.0,1285364.0,233066.0,2869377.0,1584013.0,1914562.0,1.2565694584473004,14.44,14.21,14.12,13.15,12.79
30.0,33000000.0,990000000.0,2020-11-24,13432,179230154.0,5376904620.0,40,-300000000.0,181000000.0,-299000000.0,968000000.0,786000000.0,619000000.0,0.8026070763500931,40.18,39.01,40.0,40.02,40.19
